symbol,cycleId,fillId,exchangeOrderId,clientOrderId,qty,price,source,roles,manualMatches,tpMatches
AAVEUSDT,cycle_entry_intent_muyy90ez_iu1tjkcq,exchange_AAVEUSDT_66483538,427802880,v396x46ede71601c21ed2414ad1bff0c243,11.4,172.79,USER_DATA_WS,MANUAL,"[{'cycleId': 'cycle_entry_intent_muyy90ez_iu1tjkcq', 'id': 'manual_order_manual_intent_muzbbkji_dbsxhsy2', 'intentId': 'manual_intent_muzbbkji_dbsxhsy2', 'exchangeOrderId': '427802880', 'positionId': 'exchange_AAVEUSDT_LONG', 'symbol': 'AAVEUSDT', 'side': 'SELL', 'positionSide': 'LONG', 'type': 'LIMIT', 'quantity': 11.4, 'price': 172.79, 'reduceOnly': True, 'postOnly': False, 'status': 'FILLED', 'filledQuantity': 11.4, 'createdAt': 1791450423479, 'updatedAt': 1791450427932, 'clientOrderId': 'v396x46ede71601c21ed2414ad1bff0c243'}]",[]
ETHFIUSDC,cycle_entry_intent_muyvhnis_rlba6wa6,exchange_ETHFIUSDC_63972354,158623772,v396x2ebcc6d12582486e6360b9b163b251,7.1,0.7324,USER_DATA_WS,TP,[],"[{'id': 'tp_muyvit6u_defoppbl', 'clientOrderId': 'v396x2ebcc6d12582486e6360b9b163b251', 'exchangeOrderId': '158623772', 'symbol': 'ETHFIUSDC', 'side': 'SELL', 'quantity': 1252.1, 'price': 0.7324, 'filledQuantity': 118.5, 'leverage': 1, 'status': 'CANCELED', 'createdAt': 1791423877879, 'updatedAt': 1791445075315, 'absoluteExpiresAt': 9007199254740991, 'repriceCount': 0, 'intentId': 'exchange-recovered', 'reachability': 0, 'orderType': 'LIMIT', 'timeInForce': 'GTC', 'maker': False, 'factSource': 'BINANCE_OPEN_ORDERS', 'verifiedAt': 1791445068898, 'positionId': 'exchange_ETHFIUSDC_LONG', 'cycleId': 'cycle_entry_intent_muyvhnis_rlba6wa6'}]"
ETHFIUSDC,cycle_entry_intent_muyvhnis_rlba6wa6,exchange_ETHFIUSDC_63972355,158623772,v396x2ebcc6d12582486e6360b9b163b251,7.4,0.7324,USER_DATA_WS,TP,[],"[{'id': 'tp_muyvit6u_defoppbl', 'clientOrderId': 'v396x2ebcc6d12582486e6360b9b163b251', 'exchangeOrderId': '158623772', 'symbol': 'ETHFIUSDC', 'side': 'SELL', 'quantity': 1252.1, 'price': 0.7324, 'filledQuantity': 118.5, 'leverage': 1, 'status': 'CANCELED', 'createdAt': 1791423877879, 'updatedAt': 1791445075315, 'absoluteExpiresAt': 9007199254740991, 'repriceCount': 0, 'intentId': 'exchange-recovered', 'reachability': 0, 'orderType': 'LIMIT', 'timeInForce': 'GTC', 'maker': False, 'factSource': 'BINANCE_OPEN_ORDERS', 'verifiedAt': 1791445068898, 'positionId': 'exchange_ETHFIUSDC_LONG', 'cycleId': 'cycle_entry_intent_muyvhnis_rlba6wa6'}]"
ETHFIUSDC,cycle_entry_intent_muyvhnis_rlba6wa6,exchange_ETHFIUSDC_63972356,158623772,v396x2ebcc6d12582486e6360b9b163b251,7.7,0.7324,USER_DATA_WS,TP,[],"[{'id': 'tp_muyvit6u_defoppbl', 'clientOrderId': 'v396x2ebcc6d12582486e6360b9b163b251', 'exchangeOrderId': '158623772', 'symbol': 'ETHFIUSDC', 'side': 'SELL', 'quantity': 1252.1, 'price': 0.7324, 'filledQuantity': 118.5, 'leverage': 1, 'status': 'CANCELED', 'createdAt': 1791423877879, 'updatedAt': 1791445075315, 'absoluteExpiresAt': 9007199254740991, 'repriceCount': 0, 'intentId': 'exchange-recovered', 'reachability': 0, 'orderType': 'LIMIT', 'timeInForce': 'GTC', 'maker': False, 'factSource': 'BINANCE_OPEN_ORDERS', 'verifiedAt': 1791445068898, 'positionId': 'exchange_ETHFIUSDC_LONG', 'cycleId': 'cycle_entry_intent_muyvhnis_rlba6wa6'}]"
ETHFIUSDC,cycle_entry_intent_muyvhnis_rlba6wa6,exchange_ETHFIUSDC_63972357,158623772,v396x2ebcc6d12582486e6360b9b163b251,7.7,0.7324,USER_DATA_WS,TP,[],"[{'id': 'tp_muyvit6u_defoppbl', 'clientOrderId': 'v396x2ebcc6d12582486e6360b9b163b251', 'exchangeOrderId': '158623772', 'symbol': 'ETHFIUSDC', 'side': 'SELL', 'quantity': 1252.1, 'price': 0.7324, 'filledQuantity': 118.5, 'leverage': 1, 'status': 'CANCELED', 'createdAt': 1791423877879, 'updatedAt': 1791445075315, 'absoluteExpiresAt': 9007199254740991, 'repriceCount': 0, 'intentId': 'exchange-recovered', 'reachability': 0, 'orderType': 'LIMIT', 'timeInForce': 'GTC', 'maker': False, 'factSource': 'BINANCE_OPEN_ORDERS', 'verifiedAt': 1791445068898, 'positionId': 'exchange_ETHFIUSDC_LONG', 'cycleId': 'cycle_entry_intent_muyvhnis_rlba6wa6'}]"
ETHFIUSDC,cycle_entry_intent_muyvhnis_rlba6wa6,exchange_ETHFIUSDC_63972358,158623772,v396x2ebcc6d12582486e6360b9b163b251,7.7,0.7324,USER_DATA_WS,TP,[],"[{'id': 'tp_muyvit6u_defoppbl', 'clientOrderId': 'v396x2ebcc6d12582486e6360b9b163b251', 'exchangeOrderId': '158623772', 'symbol': 'ETHFIUSDC', 'side': 'SELL', 'quantity': 1252.1, 'price': 0.7324, 'filledQuantity': 118.5, 'leverage': 1, 'status': 'CANCELED', 'createdAt': 1791423877879, 'updatedAt': 1791445075315, 'absoluteExpiresAt': 9007199254740991, 'repriceCount': 0, 'intentId': 'exchange-recovered', 'reachability': 0, 'orderType': 'LIMIT', 'timeInForce': 'GTC', 'maker': False, 'factSource': 'BINANCE_OPEN_ORDERS', 'verifiedAt': 1791445068898, 'positionId': 'exchange_ETHFIUSDC_LONG', 'cycleId': 'cycle_entry_intent_muyvhnis_rlba6wa6'}]"
ETHFIUSDC,cycle_entry_intent_muyvhnis_rlba6wa6,exchange_ETHFIUSDC_63972359,158623772,v396x2ebcc6d12582486e6360b9b163b251,7.2,0.7324,USER_DATA_WS,TP,[],"[{'id': 'tp_muyvit6u_defoppbl', 'clientOrderId': 'v396x2ebcc6d12582486e6360b9b163b251', 'exchangeOrderId': '158623772', 'symbol': 'ETHFIUSDC', 'side': 'SELL', 'quantity': 1252.1, 'price': 0.7324, 'filledQuantity': 118.5, 'leverage': 1, 'status': 'CANCELED', 'createdAt': 1791423877879, 'updatedAt': 1791445075315, 'absoluteExpiresAt': 9007199254740991, 'repriceCount': 0, 'intentId': 'exchange-recovered', 'reachability': 0, 'orderType': 'LIMIT', 'timeInForce': 'GTC', 'maker': False, 'factSource': 'BINANCE_OPEN_ORDERS', 'verifiedAt': 1791445068898, 'positionId': 'exchange_ETHFIUSDC_LONG', 'cycleId': 'cycle_entry_intent_muyvhnis_rlba6wa6'}]"
ETHFIUSDC,cycle_entry_intent_muyvhnis_rlba6wa6,exchange_ETHFIUSDC_63972360,158623772,v396x2ebcc6d12582486e6360b9b163b251,7.5,0.7324,USER_DATA_WS,TP,[],"[{'id': 'tp_muyvit6u_defoppbl', 'clientOrderId': 'v396x2ebcc6d12582486e6360b9b163b251', 'exchangeOrderId': '158623772', 'symbol': 'ETHFIUSDC', 'side': 'SELL', 'quantity': 1252.1, 'price': 0.7324, 'filledQuantity': 118.5, 'leverage': 1, 'status': 'CANCELED', 'createdAt': 1791423877879, 'updatedAt': 1791445075315, 'absoluteExpiresAt': 9007199254740991, 'repriceCount': 0, 'intentId': 'exchange-recovered', 'reachability': 0, 'orderType': 'LIMIT', 'timeInForce': 'GTC', 'maker': False, 'factSource': 'BINANCE_OPEN_ORDERS', 'verifiedAt': 1791445068898, 'positionId': 'exchange_ETHFIUSDC_LONG', 'cycleId': 'cycle_entry_intent_muyvhnis_rlba6wa6'}]"
ETHFIUSDC,cycle_entry_intent_muyvhnis_rlba6wa6,exchange_ETHFIUSDC_63972361,158623772,v396x2ebcc6d12582486e6360b9b163b251,7,0.7324,USER_DATA_WS,TP,[],"[{'id': 'tp_muyvit6u_defoppbl', 'clientOrderId': 'v396x2ebcc6d12582486e6360b9b163b251', 'exchangeOrderId': '158623772', 'symbol': 'ETHFIUSDC', 'side': 'SELL', 'quantity': 1252.1, 'price': 0.7324, 'filledQuantity': 118.5, 'leverage': 1, 'status': 'CANCELED', 'createdAt': 1791423877879, 'updatedAt': 1791445075315, 'absoluteExpiresAt': 9007199254740991, 'repriceCount': 0, 'intentId': 'exchange-recovered', 'reachability': 0, 'orderType': 'LIMIT', 'timeInForce': 'GTC', 'maker': False, 'factSource': 'BINANCE_OPEN_ORDERS', 'verifiedAt': 1791445068898, 'positionId': 'exchange_ETHFIUSDC_LONG', 'cycleId': 'cycle_entry_intent_muyvhnis_rlba6wa6'}]"
ETHFIUSDC,cycle_entry_intent_muyvhnis_rlba6wa6,exchange_ETHFIUSDC_63972362,158623772,v396x2ebcc6d12582486e6360b9b163b251,7.6,0.7324,USER_DATA_WS,TP,[],"[{'id': 'tp_muyvit6u_defoppbl', 'clientOrderId': 'v396x2ebcc6d12582486e6360b9b163b251', 'exchangeOrderId': '158623772', 'symbol': 'ETHFIUSDC', 'side': 'SELL', 'quantity': 1252.1, 'price': 0.7324, 'filledQuantity': 118.5, 'leverage': 1, 'status': 'CANCELED', 'createdAt': 1791423877879, 'updatedAt': 1791445075315, 'absoluteExpiresAt': 9007199254740991, 'repriceCount': 0, 'intentId': 'exchange-recovered', 'reachability': 0, 'orderType': 'LIMIT', 'timeInForce': 'GTC', 'maker': False, 'factSource': 'BINANCE_OPEN_ORDERS', 'verifiedAt': 1791445068898, 'positionId': 'exchange_ETHFIUSDC_LONG', 'cycleId': 'cycle_entry_intent_muyvhnis_rlba6wa6'}]"
ETHFIUSDC,cycle_entry_intent_muyvhnis_rlba6wa6,exchange_ETHFIUSDC_63972363,158623772,v396x2ebcc6d12582486e6360b9b163b251,7.1,0.7324,USER_DATA_WS,TP,[],"[{'id': 'tp_muyvit6u_defoppbl', 'clientOrderId': 'v396x2ebcc6d12582486e6360b9b163b251', 'exchangeOrderId': '158623772', 'symbol': 'ETHFIUSDC', 'side': 'SELL', 'quantity': 1252.1, 'price': 0.7324, 'filledQuantity': 118.5, 'leverage': 1, 'status': 'CANCELED', 'createdAt': 1791423877879, 'updatedAt': 1791445075315, 'absoluteExpiresAt': 9007199254740991, 'repriceCount': 0, 'intentId': 'exchange-recovered', 'reachability': 0, 'orderType': 'LIMIT', 'timeInForce': 'GTC', 'maker': False, 'factSource': 'BINANCE_OPEN_ORDERS', 'verifiedAt': 1791445068898, 'positionId': 'exchange_ETHFIUSDC_LONG', 'cycleId': 'cycle_entry_intent_muyvhnis_rlba6wa6'}]"
ETHFIUSDC,cycle_entry_intent_muyvhnis_rlba6wa6,exchange_ETHFIUSDC_63972364,158623772,v396x2ebcc6d12582486e6360b9b163b251,7.7,0.7324,USER_DATA_WS,TP,[],"[{'id': 'tp_muyvit6u_defoppbl', 'clientOrderId': 'v396x2ebcc6d12582486e6360b9b163b251', 'exchangeOrderId': '158623772', 'symbol': 'ETHFIUSDC', 'side': 'SELL', 'quantity': 1252.1, 'price': 0.7324, 'filledQuantity': 118.5, 'leverage': 1, 'status': 'CANCELED', 'createdAt': 1791423877879, 'updatedAt': 1791445075315, 'absoluteExpiresAt': 9007199254740991, 'repriceCount': 0, 'intentId': 'exchange-recovered', 'reachability': 0, 'orderType': 'LIMIT', 'timeInForce': 'GTC', 'maker': False, 'factSource': 'BINANCE_OPEN_ORDERS', 'verifiedAt': 1791445068898, 'positionId': 'exchange_ETHFIUSDC_LONG', 'cycleId': 'cycle_entry_intent_muyvhnis_rlba6wa6'}]"
ETHFIUSDC,cycle_entry_intent_muyvhnis_rlba6wa6,exchange_ETHFIUSDC_63972365,158623772,v396x2ebcc6d12582486e6360b9b163b251,7.7,0.7324,USER_DATA_WS,TP,[],"[{'id': 'tp_muyvit6u_defoppbl', 'clientOrderId': 'v396x2ebcc6d12582486e6360b9b163b251', 'exchangeOrderId': '158623772', 'symbol': 'ETHFIUSDC', 'side': 'SELL', 'quantity': 1252.1, 'price': 0.7324, 'filledQuantity': 118.5, 'leverage': 1, 'status': 'CANCELED', 'createdAt': 1791423877879, 'updatedAt': 1791445075315, 'absoluteExpiresAt': 9007199254740991, 'repriceCount': 0, 'intentId': 'exchange-recovered', 'reachability': 0, 'orderType': 'LIMIT', 'timeInForce': 'GTC', 'maker': False, 'factSource': 'BINANCE_OPEN_ORDERS', 'verifiedAt': 1791445068898, 'positionId': 'exchange_ETHFIUSDC_LONG', 'cycleId': 'cycle_entry_intent_muyvhnis_rlba6wa6'}]"
ETHFIUSDC,cycle_entry_intent_muyvhnis_rlba6wa6,exchange_ETHFIUSDC_63972366,158623772,v396x2ebcc6d12582486e6360b9b163b251,7.1,0.7324,USER_DATA_WS,TP,[],"[{'id': 'tp_muyvit6u_defoppbl', 'clientOrderId': 'v396x2ebcc6d12582486e6360b9b163b251', 'exchangeOrderId': '158623772', 'symbol': 'ETHFIUSDC', 'side': 'SELL', 'quantity': 1252.1, 'price': 0.7324, 'filledQuantity': 118.5, 'leverage': 1, 'status': 'CANCELED', 'createdAt': 1791423877879, 'updatedAt': 1791445075315, 'absoluteExpiresAt': 9007199254740991, 'repriceCount': 0, 'intentId': 'exchange-recovered', 'reachability': 0, 'orderType': 'LIMIT', 'timeInForce': 'GTC', 'maker': False, 'factSource': 'BINANCE_OPEN_ORDERS', 'verifiedAt': 1791445068898, 'positionId': 'exchange_ETHFIUSDC_LONG', 'cycleId': 'cycle_entry_intent_muyvhnis_rlba6wa6'}]"
ETHFIUSDC,cycle_entry_intent_muyvhnis_rlba6wa6,exchange_ETHFIUSDC_63972367,158623772,v396x2ebcc6d12582486e6360b9b163b251,7.6,0.7324,USER_DATA_WS,TP,[],"[{'id': 'tp_muyvit6u_defoppbl', 'clientOrderId': 'v396x2ebcc6d12582486e6360b9b163b251', 'exchangeOrderId': '158623772', 'symbol': 'ETHFIUSDC', 'side': 'SELL', 'quantity': 1252.1, 'price': 0.7324, 'filledQuantity': 118.5, 'leverage': 1, 'status': 'CANCELED', 'createdAt': 1791423877879, 'updatedAt': 1791445075315, 'absoluteExpiresAt': 9007199254740991, 'repriceCount': 0, 'intentId': 'exchange-recovered', 'reachability': 0, 'orderType': 'LIMIT', 'timeInForce': 'GTC', 'maker': False, 'factSource': 'BINANCE_OPEN_ORDERS', 'verifiedAt': 1791445068898, 'positionId': 'exchange_ETHFIUSDC_LONG', 'cycleId': 'cycle_entry_intent_muyvhnis_rlba6wa6'}]"
ETHFIUSDC,cycle_entry_intent_muyvhnis_rlba6wa6,exchange_ETHFIUSDC_63972368,158623772,v396x2ebcc6d12582486e6360b9b163b251,7.5,0.7324,USER_DATA_WS,TP,[],"[{'id': 'tp_muyvit6u_defoppbl', 'clientOrderId': 'v396x2ebcc6d12582486e6360b9b163b251', 'exchangeOrderId': '158623772', 'symbol': 'ETHFIUSDC', 'side': 'SELL', 'quantity': 1252.1, 'price': 0.7324, 'filledQuantity': 118.5, 'leverage': 1, 'status': 'CANCELED', 'createdAt': 1791423877879, 'updatedAt': 1791445075315, 'absoluteExpiresAt': 9007199254740991, 'repriceCount': 0, 'intentId': 'exchange-recovered', 'reachability': 0, 'orderType': 'LIMIT', 'timeInForce': 'GTC', 'maker': False, 'factSource': 'BINANCE_OPEN_ORDERS', 'verifiedAt': 1791445068898, 'positionId': 'exchange_ETHFIUSDC_LONG', 'cycleId': 'cycle_entry_intent_muyvhnis_rlba6wa6'}]"
ETHFIUSDC,cycle_entry_intent_muyvhnis_rlba6wa6,exchange_ETHFIUSDC_63972369,158623772,v396x2ebcc6d12582486e6360b9b163b251,6.9,0.7324,USER_DATA_WS,TP,[],"[{'id': 'tp_muyvit6u_defoppbl', 'clientOrderId': 'v396x2ebcc6d12582486e6360b9b163b251', 'exchangeOrderId': '158623772', 'symbol': 'ETHFIUSDC', 'side': 'SELL', 'quantity': 1252.1, 'price': 0.7324, 'filledQuantity': 118.5, 'leverage': 1, 'status': 'CANCELED', 'createdAt': 1791423877879, 'updatedAt': 1791445075315, 'absoluteExpiresAt': 9007199254740991, 'repriceCount': 0, 'intentId': 'exchange-recovered', 'reachability': 0, 'orderType': 'LIMIT', 'timeInForce': 'GTC', 'maker': False, 'factSource': 'BINANCE_OPEN_ORDERS', 'verifiedAt': 1791445068898, 'positionId': 'exchange_ETHFIUSDC_LONG', 'cycleId': 'cycle_entry_intent_muyvhnis_rlba6wa6'}]"
ETHFIUSDC,cycle_entry_intent_muyvhnis_rlba6wa6,exchange_ETHFIUSDC_63982896,158727542,v396xf4237e9d3ccb02bd6caf8865518183,3493.1,0.7238,USER_DATA_WS,MANUAL,"[{'cycleId': 'cycle_entry_intent_muyvhnis_rlba6wa6', 'id': 'manual_order_manual_intent_muzbar0g_odj7vrih', 'intentId': 'manual_intent_muzbar0g_odj7vrih', 'exchangeOrderId': '158727542', 'positionId': 'exchange_ETHFIUSDC_LONG', 'symbol': 'ETHFIUSDC', 'side': 'SELL', 'positionSide': 'LONG', 'type': 'LIMIT', 'quantity': 3493.1, 'price': 0.7238, 'reduceOnly': True, 'postOnly': False, 'status': 'FILLED', 'filledQuantity': 3493.1, 'createdAt': 1791450377191, 'updatedAt': 1791450382559, 'clientOrderId': 'v396xf4237e9d3ccb02bd6caf8865518183'}]",[]
