id,symbol,side,quoteAsset,captureAt,detailCaptureAt,openedAt,heldHours,entry,qty,leverage,entryNotionalQuote,entryNotionalOverCurrentLeverageDiagnostic,marginStatus,privateSnapshotUnrealizedPnl,privateSnapshotRoiDisplayed,mark,executableExitPrice,quoteAgeMs,marketFreshness,detailError,snapshotQtyEqualsDetail,tpId,tpClientId,tpExchangeId,tpPrice,tpQty,tpStatus,tpPositionStatus,tpLastVerifiedAt,tpCoverageSource,tpSource,tpDistanceEntryPct,tpDistanceEntryAbsolute,remainingTpDistancePct,tpGrossQuote,knownEntryFeeQuote,expectedExitFeeQuote,expectedExitFeeBasis,knownCostsTpPayoffExFundingQuote,funding,allInNetTpPayoff,spreadBps,targetHorizonMinutes,targetHorizonExceeded,horizonRatio,entryTtlNotHoldingHorizon,managementStatus,addCount,firstAnchorVsCurrentVwap,tpDistanceAtr15m,remainingTpDistanceAtr15m,TPWithinHorizonProbability
exchange_AVAXUSDT_SHORT,AVAXUSDT,SHORT,USDT,1791455345489,1791455640288,1789834245678,450.30550305555556,10.488719714964375,1263,10,13247.253000000006,1324.7253000000005,EXACT_ALLOCATED_MARGIN_UNKNOWN_CROSS_POSITION,-439.145358959995,-33.14991862539311,10.80009365,10.8,1904,FRESH_MIN_FIELD_TIMESTAMP_LE_5000MS,,True,tp_muz0y4ll_rlt4oyac,v396x886c70c48aac64e399dba540931142,540405465,10.441,1263,WORKING,PROTECTED,1791455331427,BINANCE_OPEN_ORDER,FIXED_PROFITABLE,0.45496224764489035,0.04771971496437466,3.3240740740740735,60.2700000000052,0.6359625399999997,5.2747932,"Settings TAKER0.0004 assumption, not realized fee",54.3592442600052,UNKNOWN,UNKNOWN,1.8520233354946458,120,True,225.15275152777778,True,HUMAN_MANAGED,25,CHANGED_COST_BASIS,0.5752828808242868,4.3279083785412835,UNKNOWN_NO_CALIBRATED_EXECUTABLE_PATH
exchange_SOLUSDT_LONG,SOLUSDT,LONG,USDT,1791455345489,1791455640390,1791155132270,83.39256083333333,121.04021842496289,67.3,10,8146.006700000002,814.6006700000002,EXACT_ALLOCATED_MARGIN_UNKNOWN_CROSS_POSITION,-419.9667000000025,-51.554917085938854,114.52728602,114.58,3636,FRESH_MIN_FIELD_TIMESTAMP_LE_5000MS,,True,tp_muxbko4k_qecw9g7b,v396xc7b4392c9b4fd009d0a508a859531f,4218314683,121.59,67.3,WORKING,PROTECTED,1791455331427,BINANCE_OPEN_ORDER,FIXED_PROFITABLE,0.4542139647392863,0.549781575037116,6.117996159888292,37.00029999999791,1.6065302299999988,3.2732028,"Settings TAKER0.0004 assumption, not realized fee",32.12056696999791,UNKNOWN,UNKNOWN,5.235145275281587,240,True,20.848140208333334,True,HUMAN_MANAGED,12,CHANGED_COST_BASIS,1.462185039992336,18.64361702127669,UNKNOWN_NO_CALIBRATED_EXECUTABLE_PATH
exchange_BCHUSDT_LONG,BCHUSDT,LONG,USDT,1791455345489,1791455640595,1791168000751,79.81798277777777,320.05317121354653,10.63,18,3402.16521,189.00917833333335,EXACT_ALLOCATED_MARGIN_UNKNOWN_CROSS_POSITION,-256.2806669894997,-135.59165181784323,295.48200771,295.34,2736,FRESH_MIN_FIELD_TIMESTAMP_LE_5000MS,,True,tp_muuuuamj_sjc4r747,v396xd5c0879e0dfd44d076877f2680321d,2588830646,321.5,10.63,WORKING,PROTECTED,1791455331427,BINANCE_OPEN_ORDER,FIXED_PROFITABLE,0.45205888164379715,1.446828786453466,8.85758786483376,15.379790000000344,0.68043303,1.367018,"Settings TAKER0.0004 assumption, not realized fee",13.332338970000345,UNKNOWN,UNKNOWN,0.6771626883371813,15,True,319.2719311111111,True,HUMAN_MANAGED,3,CHANGED_COST_BASIS,1.313507749844284,23.749432591920343,UNKNOWN_NO_CALIBRATED_EXECUTABLE_PATH
exchange_ETHUSDT_LONG,ETHUSDT,LONG,USDT,1791455345489,1791455640689,1791183438139,75.52981944444444,2712.079611451943,1.467,10,3978.620790000001,397.8620790000001,EXACT_ALLOCATED_MARGIN_UNKNOWN_CROSS_POSITION,-231.13995000000048,-58.09549645468988,,,11233,UNKNOWN_STALE_OR_MISSING,,True,tp_muwunbw7_y2d272pj,v396xe1b18567bfa2b14931b409de7efbf8,16816038433,2724.29,1.467,WORKING,PROTECTED,1791455331428,BINANCE_OPEN_ORDER,FIXED_PROFITABLE,0.4502223495393616,12.210388548056926,,17.912639999999513,0.7957240699999998,1.598613372,"Settings TAKER0.0004 assumption, not realized fee",15.518302557999515,UNKNOWN,UNKNOWN,,240,True,18.88245486111111,True,HUMAN_MANAGED,5,CHANGED_COST_BASIS,1.8494984168520037,,UNKNOWN_NO_CALIBRATED_EXECUTABLE_PATH
exchange_BNBUSDC_LONG,BNBUSDC,LONG,USDC,1791455345489,1791455640794,1791184940656,75.1124536111111,783.7120625000003,9.6,10,7523.635800000003,752.3635800000003,EXACT_ALLOCATED_MARGIN_UNKNOWN_CROSS_POSITION,-148.09870003200302,-19.684458946298673,767.65,767.65,4400,FRESH_MIN_FIELD_TIMESTAMP_LE_5000MS,,True,tp_muyvddfh_a8flrh55,v396x089d53722925a0adea77697310ca13,363267342,787.24,9.6,WORKING,PROTECTED,1791455331428,BINANCE_OPEN_ORDER,FIXED_PROFITABLE,0.4501573561016441,3.527937499999666,2.5519442454243513,33.8681999999968,1.35425425,3.0230016,"Settings TAKER0.0004 assumption, not realized fee",29.4909441499968,UNKNOWN,UNKNOWN,0.13026685164547752,60,True,75.1124536111111,True,HUMAN_MANAGED,7,CHANGED_COST_BASIS,2.123984045755381,11.794099939795395,UNKNOWN_NO_CALIBRATED_EXECUTABLE_PATH
exchange_XLMUSDT_LONG,XLMUSDT,LONG,USDT,1791455345489,1791455640901,1790734103219,200.345075,0.21935493500240724,6231,10,1366.8005999999996,136.68005999999997,EXACT_ALLOCATED_MARGIN_UNKNOWN_CROSS_POSITION,-124.46381999999952,-91.06216371283386,0.19927665,0.19918,4379,FRESH_MIN_FIELD_TIMESTAMP_LE_5000MS,,True,tp_muwhvf33_thhxglgi,v396xba778a6efcb7523b9bd91bac02dff8,726831748,0.22035,6231,WORKING,PROTECTED,1791455331428,BINANCE_OPEN_ORDER,FIXED_PROFITABLE,0.45363237329574024,0.0009950649975927484,10.628577166382163,6.200250000000415,0.27335930999999986,0.54920034,"Settings TAKER0.0004 assumption, not realized fee",5.377690350000416,UNKNOWN,UNKNOWN,16.55421505430269,60,True,200.345075,True,HUMAN_MANAGED,4,CHANGED_COST_BASIS,0.8732470360620807,18.578323826239433,UNKNOWN_NO_CALIBRATED_EXECUTABLE_PATH
exchange_DOTUSDT_LONG,DOTUSDT,LONG,USDT,1791455345489,1791455640995,1791278224412,49.20029916666667,1.2306599646017697,1695,10,2085.9686399999996,208.59686399999995,EXACT_ALLOCATED_MARGIN_UNKNOWN_CROSS_POSITION,-199.74518099999983,-95.75655988768837,1.10989982,1.1088,2573,FRESH_MIN_FIELD_TIMESTAMP_LE_5000MS,,True,tp_mux9mc1y_kavlbwt4,v396x01d3a985de95fa560dc7ad610e07ac,646978252,1.2362,1695,WORKING,PROTECTED,1791455331428,BINANCE_OPEN_ORDER,FIXED_PROFITABLE,0.45016784144943967,0.005540035398230225,11.489898989898986,9.390360000000232,0.40528757999999926,0.8381436,"Settings TAKER0.0004 assumption, not realized fee",8.146928820000232,UNKNOWN,UNKNOWN,0.9018352347025206,60,True,49.20029916666667,True,HUMAN_MANAGED,5,CHANGED_COST_BASIS,0.7328089151098159,16.851851851851798,UNKNOWN_NO_CALIBRATED_EXECUTABLE_PATH
exchange_BTCUSDT_LONG,BTCUSDT,LONG,USDT,1791455345489,1791455642523,1791299385241,43.32229111111111,86261.43352435532,0.0349,10,3010.524030000001,301.0524030000001,EXACT_ALLOCATED_MARGIN_UNKNOWN_CROSS_POSITION,-119.5223585376179,-39.701512875025244,82736.22675725,82740.2,3079,FRESH_MIN_FIELD_TIMESTAMP_LE_5000MS,,True,tp_muwuxua6_p9cftofl,v396x58ab20ec68d187bec3e467123440d5,28620975050,86805.9,0.0349,WORKING,PROTECTED,1791455331428,BINANCE_OPEN_ORDER,AI,0.6311818079060167,544.4664756446728,4.913814566558936,19.00187999999908,0.60210473,1.211810364,"Settings TAKER0.0004 assumption, not realized fee",17.187964905999078,UNKNOWN,UNKNOWN,3.9151050553200397,60,True,43.32229111111111,True,HUMAN_MANAGED,2,CHANGED_COST_BASIS,3.167344244587947,23.651541593949755,UNKNOWN_NO_CALIBRATED_EXECUTABLE_PATH
exchange_ETCUSDT_LONG,ETCUSDT,LONG,USDT,1791455345489,1791455642569,1791430358927,6.940711666666667,8.444,5.88,20,49.65072000000001,2.4825360000000005,EXACT_ALLOCATED_MARGIN_UNKNOWN_CROSS_POSITION,-0.1904829528000041,-7.672918048318497,,,6563,UNKNOWN_STALE_OR_MISSING,,True,tp_muyze7hx_2725wivf,v396x3df7d3350d7856c359a0e372025dd3,665701690,8.471,5.88,WORKING,PROTECTED,1791455331428,BINANCE_OPEN_ORDER,AI,0.3197536712458461,0.026999999999999247,,0.15875999999999557,0.009930099999999999,0.019923792000000003,"Settings TAKER0.0004 assumption, not realized fee",0.12890610799999558,UNKNOWN,UNKNOWN,,15,True,27.76284666666667,True,HUMAN_MANAGED,1,CHANGED_COST_BASIS,0.6330597889800568,,UNKNOWN_NO_CALIBRATED_EXECUTABLE_PATH
exchange_ETHUSDT_SHORT,ETHUSDT,SHORT,USDT,1791455345489,1791455642613,1791435122745,5.617428888888889,2561.7022605363986,0.783,10,2005.8128700000002,200.58128700000003,EXACT_ALLOCATED_MARGIN_UNKNOWN_CROSS_POSITION,5.6237100000001385,2.8037062101411974,2554.75687016,2554.12,2880,FRESH_MIN_FIELD_TIMESTAMP_LE_5000MS,,True,tp_muzbk32g_cn4qlf4t,v396xd001b65a3ddf49fa89c292676304d4,16817321131,2550.17,0.783,WORKING,PROTECTED,1791455331428,BINANCE_OPEN_ORDER,FIXED_PROFITABLE,0.45017958230570465,11.532260536398553,0.15465209152270912,9.029760000000067,0.4011625299999999,0.7987132440000001,"Settings TAKER0.0004 assumption, not realized fee",7.8298842260000665,UNKNOWN,UNKNOWN,0.4698401760330253,15,True,22.469715555555556,True,HUMAN_MANAGED,2,CHANGED_COST_BASIS,1.74678287434089,0.5983035443804633,UNKNOWN_NO_CALIBRATED_EXECUTABLE_PATH
exchange_BTCUSDT_SHORT,BTCUSDT,SHORT,USDT,1791455345489,1791455645694,1791435239382,5.585029722222222,82567.49999999999,0.0122,10,1007.3234999999999,100.73234999999998,EXACT_ALLOCATED_MARGIN_UNKNOWN_CROSS_POSITION,-3.2845341501741148,-3.2606547451480234,,,6250,UNKNOWN_STALE_OR_MISSING,,True,tp_muz2awrp_euabd9fm,v396xd72557139c61db61ec29d39d2ed163,28622966179,82278.6,0.0122,WORKING,PROTECTED,1791455331428,BINANCE_OPEN_ORDER,AI,0.3498955400126923,288.8999999999796,,3.5245799999997516,0.2014647,0.4015195680000001,"Settings TAKER0.0004 assumption, not realized fee",2.9215957319997514,UNKNOWN,UNKNOWN,,240,True,1.3962574305555555,True,HUMAN_MANAGED,1,CHANGED_COST_BASIS,1.680628272251176,,UNKNOWN_NO_CALIBRATED_EXECUTABLE_PATH
exchange_USELESSUSDT_SHORT,USELESSUSDT,SHORT,USDT,1791455345489,1791455646107,1791435820410,5.423633055555555,0.2002,4866,10,974.1732,97.41731999999999,EXACT_ALLOCATED_MARGIN_UNKNOWN_CROSS_POSITION,-4.623527220000001,-4.7461038961038975,,,7727,UNKNOWN_STALE_OR_MISSING,,True,tp_muz4rdk8_oxgf7oms,v396xa69edced869a1926b3914c5a5cb943,256363364,0.1979,4866,WORKING,PROTECTED,1791455331428,BINANCE_OPEN_ORDER,STRUCTURE_15M,1.1488511488511473,0.0022999999999999965,,11.191799999999983,0,0.38519256,"Settings TAKER0.0004 assumption, not realized fee",10.806607439999983,UNKNOWN,UNKNOWN,,15,True,21.69453222222222,True,HUMAN_MANAGED,0,NO_RECORDED_ADDS,1.3731343283582045,,UNKNOWN_NO_CALIBRATED_EXECUTABLE_PATH
exchange_ENAUSDT_SHORT,ENAUSDT,SHORT,USDT,1791455345489,1791455646259,1791441454448,3.8586225,0.21931782799748908,4779,10,1048.1199000000004,104.81199000000004,EXACT_ALLOCATED_MARGIN_UNKNOWN_CROSS_POSITION,-0.8705999999996693,-0.8306301597743435,,,7596,UNKNOWN_STALE_OR_MISSING,,True,tp_muzea5qo_mcev3nlj,v396xb6350e5b6138bd6528cb6328646d46,520034648,0.2183,4779,WORKING,MISSING,1791455331428,NONE,FIXED_PROFITABLE,0.46408812579556596,0.0010178279974890903,,4.864200000000363,0.20962396000000003,0.41730227999999997,"Settings TAKER0.0004 assumption, not realized fee",4.237273760000362,UNKNOWN,UNKNOWN,,15,True,15.43449,True,HUMAN_MANAGED,2,CHANGED_COST_BASIS,0.6168654530236937,,UNKNOWN_NO_CALIBRATED_EXECUTABLE_PATH
exchange_DOGEUSDT_SHORT,DOGEUSDT,SHORT,USDT,1791455345489,1791455646303,1791441598531,3.8185994444444447,0.08721999999999999,11467,10,1000.1517399999999,100.01517399999999,EXACT_ALLOCATED_MARGIN_UNKNOWN_CROSS_POSITION,-8.02690000000007,-8.025682182985626,,,10704,UNKNOWN_STALE_OR_MISSING,,True,tp_muz62vte_68aj2m7x,v396x12cd969c31c8ab7cb62cf09dc74c6b,2359488280,0.08704,11467,WORKING,PROTECTED,1791455331429,BINANCE_OPEN_ORDER,AI,0.20637468470532647,0.00017999999999998573,,2.064059999999836,0.20003034,0.3992350720000001,"Settings TAKER0.0004 assumption, not realized fee",1.4647945879998359,UNKNOWN,UNKNOWN,,15,True,15.274397777777779,True,HUMAN_MANAGED,0,NO_RECORDED_ADDS,0.5529953917050251,,UNKNOWN_NO_CALIBRATED_EXECUTABLE_PATH
exchange_ETHFIUSDC_SHORT,ETHFIUSDC,SHORT,USDC,1791455345489,1791455646341,1791443327235,3.3384038888888887,0.7293410305775763,1766,10,1288.0162599999996,128.80162599999997,EXACT_ALLOCATED_MARGIN_UNKNOWN_CROSS_POSITION,6.773441039999696,5.258816406556621,,,8679,UNKNOWN_STALE_OR_MISSING,,True,tp_muz86uls_cf8c2kga,v396x461c035baeef636c90f09eb20dcf5d,158705901,0.7146,1766,WORKING,PROTECTED,1791455331429,BINANCE_OPEN_ORDER,AI,2.0211437392878615,0.014741030577576253,,26.032659999999662,0,0.50479344,"Settings TAKER0.0004 assumption, not realized fee",25.527866559999662,UNKNOWN,UNKNOWN,,60,True,3.3384038888888887,True,AUTO_MANAGED,5,CHANGED_COST_BASIS,2.2250612192567956,,UNKNOWN_NO_CALIBRATED_EXECUTABLE_PATH
exchange_NEARUSDC_LONG,NEARUSDC,LONG,USDC,1791455345489,1791455646399,1791444270691,3.0763327777777776,5.441292803970225,403,20,2192.841000000001,109.64205000000004,EXACT_ALLOCATED_MARGIN_UNKNOWN_CROSS_POSITION,-82.73300000000089,-75.45736330176321,,,9725,UNKNOWN_STALE_OR_MISSING,,True,tp_muz9vtnr_iptbifcz,v396x3e336050b2e85be0286e5016a7342e,155132166,5.543,403,WORKING,PROTECTED,1791455331429,BINANCE_OPEN_ORDER,STRUCTURE_15M,1.86917336915897,0.10170719602977485,,40.98799999999926,0,0.8935316000000001,"Settings TAKER0.0004 assumption, not realized fee",40.09446839999926,UNKNOWN,UNKNOWN,,15,True,12.30533111111111,True,HUMAN_MANAGED,3,CHANGED_COST_BASIS,1.5916619096991351,,UNKNOWN_NO_CALIBRATED_EXECUTABLE_PATH
exchange_BRUSDT_SHORT,BRUSDT,SHORT,USDT,1791455345489,1791455646442,1791449869338,1.5211530555555555,0.48163999999999996,774,10,372.78936,37.278936,EXACT_ALLOCATED_MARGIN_UNKNOWN_CROSS_POSITION,-6.20070750000002,-16.63327381446729,,,10539,UNKNOWN_STALE_OR_MISSING,,True,tp_muzb0vbi_bu8uogdo,v396x4c312323905daf344e82d551dc12ba,313814664,0.48,774,WORKING,PROTECTED,1791455331429,BINANCE_OPEN_ORDER,AI,0.3405032804584285,0.0016399999999999748,,1.2693599999999805,0.07455768999999998,0.148608,"Settings TAKER0.0004 assumption, not realized fee",1.0461943099999804,UNKNOWN,UNKNOWN,,15,True,6.084612222222222,True,HUMAN_MANAGED,1,CHANGED_COST_BASIS,0.30392883617494,,UNKNOWN_NO_CALIBRATED_EXECUTABLE_PATH
exchange_UNIUSDT_SHORT,UNIUSDT,SHORT,USDT,1791455345489,1791455646458,1791451171119,1.1595472222222223,7.771,220,17,1709.62,100.56588235294117,EXACT_ALLOCATED_MARGIN_UNKNOWN_CROSS_POSITION,-0.43999999999995154,-0.43752412816878467,,,10709,UNKNOWN_STALE_OR_MISSING,,True,tp_muzbstbt_c9lazpa8,v396xfe2ed118d0df30168e1d45b6d84eeb,479476185,7.748,220,WORKING,PROTECTED,1791455331429,BINANCE_OPEN_ORDER,AI,0.29597220434950056,0.022999999999999687,,5.059999999999931,0.34192400000000006,0.681824,"Settings TAKER0.0004 assumption, not realized fee",4.036251999999932,UNKNOWN,UNKNOWN,,60,True,1.1595472222222223,True,AUTO_MANAGED,1,CHANGED_COST_BASIS,0.272189349112423,,UNKNOWN_NO_CALIBRATED_EXECUTABLE_PATH
exchange_OPUSDT_LONG,OPUSDT,LONG,USDT,1791455345489,1791455646469,1791453678627,0.46301722222222225,0.12470000000000005,10004.6,20,1247.5736200000006,62.37868100000003,EXACT_ALLOCATED_MARGIN_UNKNOWN_CROSS_POSITION,-12.005520000000484,-19.246190858060107,,,8689,UNKNOWN_STALE_OR_MISSING,,True,tp_muzdbncs_q1a0clbb,v396x24a97b77b82990b91da714b95eb676,347601336,0.125,10004.6,WORKING,PROTECTED,1791455331429,BINANCE_OPEN_ORDER,AI,0.24057738572570406,0.0002999999999999531,,3.0013799999995308,0.24951420000000002,0.5002300000000001,"Settings TAKER0.0004 assumption, not realized fee",2.2516357999995305,UNKNOWN,UNKNOWN,,15,True,1.852068888888889,True,AUTO_MANAGED,1,CHANGED_COST_BASIS,0.3592814371256925,,UNKNOWN_NO_CALIBRATED_EXECUTABLE_PATH
exchange_BNBUSDC_SHORT,BNBUSDC,SHORT,USDC,1791455345489,1791455345489,1791453921907,0.39543944444444445,770.0600000000001,1.3,10,1001.0780000000001,100.10780000000001,EXACT_ALLOCATED_MARGIN_UNKNOWN_CROSS_POSITION,2.307351046000042,2.3048664000208197,,,,UNKNOWN_STALE_OR_MISSING,HTTP Error 404: Not Found,,tp_muzdfasb_h2f9def8,v396x8d3a5be91ae4f264f04cd946922986,363420805,768.26,0,FILLED,PROTECTED,1791455331429,BINANCE_OPEN_ORDER,AI,0.23374801963484249,1.8000000000000682,,2.3400000000000887,0.18019401000000002,0.39949520000000005,"Settings TAKER0.0004 assumption, not realized fee",1.7603107900000885,UNKNOWN,UNKNOWN,,240,False,0.09885986111111111,True,AUTO_MANAGED,1,CHANGED_COST_BASIS,,,UNKNOWN_NO_CALIBRATED_EXECUTABLE_PATH
exchange_FILUSDC_LONG,FILUSDC,LONG,USDC,1791455345489,1791455646489,1791454809595,0.14885944444444443,1.0829999999999997,710.3,10,769.2548999999998,76.92548999999998,EXACT_ALLOCATED_MARGIN_UNKNOWN_CROSS_POSITION,-5.612911350999792,-7.2965558633422996,,,9023,UNKNOWN_STALE_OR_MISSING,,True,tp_muzdzzyl_r9id7ns3,v396x4ddaf74980d68636ba5c8df8b655e3,183733944,1.087,710.3,WORKING,PROTECTED,1791455331429,BINANCE_OPEN_ORDER,AI,0.36934441366576426,0.004000000000000226,,2.84120000000016,0,0.30883844,"Settings TAKER0.0004 assumption, not realized fee",2.53236156000016,UNKNOWN,UNKNOWN,,15,False,0.5954377777777776,True,AUTO_MANAGED,1,CHANGED_COST_BASIS,0.5839416058394509,,UNKNOWN_NO_CALIBRATED_EXECUTABLE_PATH
