tradeId,symbol,quoteAsset,side,openedAt,closedAt,heldHours,closeProvenance,classification,ledgerClosedComplete,formalCanonicalNetEligible,exFundingDiagnosticEligibleNoProvenanceConflict,gross,fees,funding,exFundingNet,formalNet,target,targetHorizonMinutes,entryTtlMinutes,invalidationPredicate,entryLots,entryRunId,runPresent,model,modelLatencyMs,quoteAgeAtRunCompleteMs,firstFillFromDecisionMs,fillSlippageBps,repriceCount,confidence,setup,regime,modelRegime,targetDistanceOriginPct,netFeeCoverageSampled,feeCoverageBasis,BAD_ENTRY,GOOD_ENTRY_BAD_EXIT
trade_cycle_entry_intent_muwcfzru_7y3e0rp1,TIAUSDC,USDC,SHORT,1791270932709,1791278952388,2.227688611111111,TP,PARTIAL,False,False,False,3.2475,0,,3.2475,,0.4612,60,3,NO_PREDICATE,1,airun_muwcdrmt_1lziv58o,False,,,,,-13.664828383168626,0,,,MIXED,,0.3241841365895951,,Known actual full-cycle commissions divided by entry notional; funding/slippage unknown; adds mismatch prevents causal good-entry label,UNKNOWN_INCOMPLETE_EARLY_PATH,UNKNOWN_WITHOUT_COMPLETE_EXECUTABLE_COST_PATH
trade_cycle_entry_intent_muzc6ldg_vvlrzg5u,ZROUSDT,USDT,SHORT,1791451868599,1791454167492,0.6385813888888889,TP,COMPLETE,True,False,True,1.8422,0.12520896999999998,,1.71699103,,2.0669,15,3,NO_PREDICATE,1,airun_muzc4hnw_ci1j9y5f,True,qwen/qwen3.8-27b,96436,102146,10903,-39.98736656959379,0,0.78,TREND_RESUMPTION,LOW_VOLATILITY,TREND,0.5867923620797455,True,Known actual full-cycle commissions divided by entry notional; funding/slippage unknown; adds mismatch prevents causal good-entry label,UNKNOWN_INCOMPLETE_EARLY_PATH,UNKNOWN_WITHOUT_COMPLETE_EXECUTABLE_COST_PATH
trade_cycle_entry_intent_muzd3quz_34ttgkms,ONDOUSDT,USDT,LONG,1791453422349,1791453998815,0.16012944444444444,TP,COMPLETE,True,False,True,0.36099999999999993,0.050224929999999994,,0.31077507,,0.4854,60,3,NO_PREDICATE,1,airun_muzd1oxw_dsyu3w22,True,qwen/qwen3.8-27b,94144,105465,17865,-2.0652622883088334,0,0.65,TREND_RESUMPTION,LOW_VOLATILITY,RANGE,0.2685395579425557,True,Known actual full-cycle commissions divided by entry notional; funding/slippage unknown; adds mismatch prevents causal good-entry label,UNKNOWN_INCOMPLETE_EARLY_PATH,UNKNOWN_WITHOUT_COMPLETE_EXECUTABLE_COST_PATH
trade_cycle_XLMUSDT_SHORT_e4f6c2f2-26e3-4b92-a9d4-60f06d00bded,XLMUSDT,USDT,SHORT,1790734586663,1791303442919,158.01562666666666,TP,PARTIAL,False,False,False,4.51072,0.3021616000000001,,4.2085584,,0.21224,60,3,NO_PREDICATE,1,airun_muwb8umx_5uacn9p0,False,,,,,-110.74646722264659,0,,,MIXED,,1.2837209302325001,False,Known actual full-cycle commissions divided by entry notional; funding/slippage unknown; adds mismatch prevents causal good-entry label,UNKNOWN_INCOMPLETE_EARLY_PATH,UNKNOWN_WITHOUT_COMPLETE_EXECUTABLE_COST_PATH
trade_cycle_entry_intent_muwazcjx_236ze1i3,NEARUSDC,USDC,SHORT,1791268490582,1791295306443,7.448850277777778,TP,PARTIAL,False,False,False,5.835,0,,5.835,,5.135,240,3,NO_PREDICATE,1,airun_muwaxax4_bzyjsv24,False,,,,,-8.730239526109074,0,,,MIXED,,0.2912621359223411,False,Known actual full-cycle commissions divided by entry notional; funding/slippage unknown; adds mismatch prevents causal good-entry label,UNKNOWN_INCOMPLETE_EARLY_PATH,UNKNOWN_WITHOUT_COMPLETE_EXECUTABLE_COST_PATH
trade_cycle_entry_intent_muwavszx_cbkcc7sy,BNBUSDC,USDC,SHORT,1791268305174,1791337995371,19.358388055555555,TP,PARTIAL,False,False,False,4.944,0.57718727,,4.36681273,,777.1,240,3,NO_PREDICATE,1,airun_muwatng1_7hom8lbu,False,,,,,-15.800625088786546,0,,,RISK_ON,,0.3078896728672197,False,Known actual full-cycle commissions divided by entry notional; funding/slippage unknown; adds mismatch prevents causal good-entry label,UNKNOWN_INCOMPLETE_EARLY_PATH,UNKNOWN_WITHOUT_COMPLETE_EXECUTABLE_COST_PATH
trade_cycle_entry_intent_muwadg4u_l4sifmib,SOLUSDT,USDT,SHORT,1791267446453,1791338407467,19.711392777777778,TP,PARTIAL,False,False,False,18.5182,1.6260494099999994,,16.89215059,,118.85,60,3,NO_PREDICATE,4,airun_muwab922_mxsfvued,False,,,,,-18.636515729433256,0,,,RISK_ON,,0.37720033528921304,False,Known actual full-cycle commissions divided by entry notional; funding/slippage unknown; adds mismatch prevents causal good-entry label,UNKNOWN_INCOMPLETE_EARLY_PATH,UNKNOWN_WITHOUT_COMPLETE_EXECUTABLE_COST_PATH
trade_cycle_entry_intent_muw9pnye_myh9ywh0,DOTUSDT,USDT,LONG,1791266341762,1791268784586,0.6785622222222222,UNKNOWN,PARTIAL,False,False,False,4.7719,0.40124841000000006,,4.37065159,,1.2377,15,3,NO_PREDICATE,1,airun_muw9niqm_0jd2i5oj,False,,,,,-11.140371596723986,1,,,RISK_ON,,0.47683924658700816,,Known actual full-cycle commissions divided by entry notional; funding/slippage unknown; adds mismatch prevents causal good-entry label,UNKNOWN_INCOMPLETE_EARLY_PATH,UNKNOWN_WITHOUT_COMPLETE_EXECUTABLE_COST_PATH
trade_cycle_entry_intent_muz6gdkk_vzibwneb,BNBUSDC,USDC,SHORT,1791442249127,1791451048783,2.444348888888889,TP,COMPLETE,True,False,True,9.4185,1.1916482,,8.2268518,,766.92,240,3,NO_PREDICATE,3,airun_muz6e9k5_pg1aj59c,True,qwen/qwen3.8-27b,96902,106022,12604,-6.649778056360134,0,0.72,TREND_RESUMPTION,RISK_OFF,TREND,0.20438629593252025,True,Known actual full-cycle commissions divided by entry notional; funding/slippage unknown; adds mismatch prevents causal good-entry label,UNKNOWN_INCOMPLETE_EARLY_PATH,UNKNOWN_WITHOUT_COMPLETE_EXECUTABLE_COST_PATH
trade_cycle_entry_intent_muw73ugr_o1dar8b0,SOLUSDT,USDT,SHORT,1791262013866,1791265533882,0.9777822222222222,UNKNOWN,PARTIAL,False,False,False,0.3885,0.05332218,,0.33517782,,119.92,60,3,NO_PREDICATE,1,airun_muw71owy_m7wup437,False,,,,,-9.987515605491826,0,,,RISK_ON,,0.29101188991434285,,Known actual full-cycle commissions divided by entry notional; funding/slippage unknown; adds mismatch prevents causal good-entry label,UNKNOWN_INCOMPLETE_EARLY_PATH,UNKNOWN_WITHOUT_COMPLETE_EXECUTABLE_COST_PATH
trade_cycle_entry_intent_muyy90ez_iu1tjkcq,AAVEUSDT,USDT,LONG,1791428467719,1791450423479,6.098822222222222,SYSTEM_MANUAL,COMPLETE,True,False,True,-34.2,1.1887236,,-35.3887236,,176.18,15,3,NO_PREDICATE,1,airun_muyy6vcx_v6rixmfo,True,qwen/qwen3.8-27b,98345,106015,11677,4.552956576173717,0,0.72,TREND_RESUMPTION,LOW_VOLATILITY,TREND,0.22185562318678154,False,Known actual full-cycle commissions divided by entry notional; funding/slippage unknown; adds mismatch prevents causal good-entry label,UNKNOWN_INCOMPLETE_EARLY_PATH,UNKNOWN_WITHOUT_COMPLETE_EXECUTABLE_COST_PATH
trade_cycle_entry_intent_muyvhnis_rlba6wa6,ETHFIUSDC,USDC,LONG,1791423834172,1791450377211,7.373066388888889,CONFLICT,COMPLETE,True,False,False,-16.16425999999999,0.42981198,,-16.594071979999992,,0.7324,60,3,NO_PREDICATE,4,airun_muyvfk33_j0jtiyxu,True,qwen/qwen3.8-27b,96212,100589,13817,0,0,0.65,TREND_RESUMPTION,LOW_VOLATILITY,RANGE,0.2600958247775514,True,Known actual full-cycle commissions divided by entry notional; funding/slippage unknown; adds mismatch prevents causal good-entry label,UNKNOWN_INCOMPLETE_EARLY_PATH,UNKNOWN_WITHOUT_COMPLETE_EXECUTABLE_COST_PATH
trade_cycle_entry_intent_muyldxqy_r892kd84,ONDOUSDT,USDT,LONG,1791406875579,1791450181913,12.029537222222222,TP,COMPLETE,True,False,True,2.5525,0.19343865999999998,,2.3590613400000002,,0.4749,60,3,NO_PREDICATE,1,airun_muylbtr9_unnsxcg2,True,qwen/qwen3.8-27b,96797,108195,24889,-14.79602621010323,0,0.65,TREND_RESUMPTION,LOW_VOLATILITY,RANGE,0.5292125317527405,True,Known actual full-cycle commissions divided by entry notional; funding/slippage unknown; adds mismatch prevents causal good-entry label,UNKNOWN_INCOMPLETE_EARLY_PATH,UNKNOWN_WITHOUT_COMPLETE_EXECUTABLE_COST_PATH
trade_cycle_entry_intent_muyo8qm2_uol3062c,NEARUSDC,USDC,SHORT,1791411662546,1791449519830,10.515912222222223,TP,COMPLETE,True,False,True,2.47,0,,2.47,,5.261,15,3,NO_PREDICATE,1,airun_muyo6j3x_0wz4db6d,True,qwen/qwen3.8-27b,101451,111112,15434,-4.6025527178117365,0,0.72,TREND_RESUMPTION,LOW_VOLATILITY,RANGE,0.24649222601440843,True,Known actual full-cycle commissions divided by entry notional; funding/slippage unknown; adds mismatch prevents causal good-entry label,UNKNOWN_INCOMPLETE_EARLY_PATH,UNKNOWN_WITHOUT_COMPLETE_EXECUTABLE_COST_PATH
trade_cycle_entry_intent_muw36341_vihtn1yg,LTCUSDT,USDT,SHORT,1791255379692,1791257046415,0.4629786111111111,UNKNOWN,PARTIAL,False,False,False,1.38945,0.25715844,,1.13229156,,69.33,60,3,NO_PREDICATE,1,airun_muw33zlz_hl117jlq,False,,,,,-2.6150686825232583,1,,,MIXED,,0.215889464594238,,Known actual full-cycle commissions divided by entry notional; funding/slippage unknown; adds mismatch prevents causal good-entry label,UNKNOWN_INCOMPLETE_EARLY_PATH,UNKNOWN_WITHOUT_COMPLETE_EXECUTABLE_COST_PATH
trade_cycle_entry_intent_muvhochn_parb782z,ETHUSDT,USDT,SHORT,1791219257063,1791267983526,13.53512861111111,UNKNOWN,PARTIAL,False,False,False,0.10998,0.009746379999999999,,0.10023362,,2704.12,15,3,NO_PREDICATE,1,airun_muvhm751_d3hgwldt,False,,,,,-15.600536146471722,0,,,MIXED,,0.3434754407689193,,Known actual full-cycle commissions divided by entry notional; funding/slippage unknown; adds mismatch prevents causal good-entry label,UNKNOWN_INCOMPLETE_EARLY_PATH,UNKNOWN_WITHOUT_COMPLETE_EXECUTABLE_COST_PATH
trade_cycle_entry_intent_muz5cfom_70owrmtl,FILUSDT,USDT,LONG,1791440385520,1791444112655,1.0353152777777779,TP,COMPLETE,True,False,True,0.53502,0.061446270000000004,,0.47357373,,1.0642,60,3,NO_PREDICATE,1,airun_muz5ac2d_lux0mjb9,True,qwen/qwen3.8-27b,96303,104309,12588,-9.420631182291972,0,0.65,TREND_RESUMPTION,RISK_OFF,RANGE,0.34889203206037334,True,Known actual full-cycle commissions divided by entry notional; funding/slippage unknown; adds mismatch prevents causal good-entry label,UNKNOWN_INCOMPLETE_EARLY_PATH,UNKNOWN_WITHOUT_COMPLETE_EXECUTABLE_COST_PATH
trade_cycle_entry_intent_muz6qn5j_fua4eblw,NEARUSDC,USDC,LONG,1791442743591,1791443617302,0.2426975,TP,COMPLETE,True,False,True,1.596,0,,1.596,,5.533,60,3,NO_PREDICATE,1,airun_muz6ok0c_2v8jebua,True,qwen/qwen3.8-27b,95675,110596,28192,0,0,0.72,TREND_RESUMPTION,RISK_OFF,TREND,0.34457743924555906,True,Known actual full-cycle commissions divided by entry notional; funding/slippage unknown; adds mismatch prevents causal good-entry label,UNKNOWN_INCOMPLETE_EARLY_PATH,UNKNOWN_WITHOUT_COMPLETE_EXECUTABLE_COST_PATH
trade_cycle_entry_intent_muz59uv2_61at8afi,NEARUSDC,USDC,LONG,1791440281379,1791442467443,0.60724,TP,COMPLETE,True,False,True,18.783,0,,18.783,,5.499,60,3,NO_PREDICATE,3,airun_muz57syl_m6ojr3sv,True,qwen/qwen3.8-27b,94125,100251,28697,-12.771392081736277,0,0.78,TREND_RESUMPTION,RISK_OFF,TREND,0.45670442089878455,True,Known actual full-cycle commissions divided by entry notional; funding/slippage unknown; adds mismatch prevents causal good-entry label,UNKNOWN_INCOMPLETE_EARLY_PATH,UNKNOWN_WITHOUT_COMPLETE_EXECUTABLE_COST_PATH
trade_cycle_entry_intent_muvh13vl_uejfj59b,ONDOUSDT,USDT,SHORT,1791218167391,1791338314819,33.37428555555555,TP,PARTIAL,False,False,False,4.1904,0.33900336,,3.85139664,,0.4842,15,3,NO_PREDICATE,1,airun_muvgyyr3_b4dif0pr,False,,,,,-29.887663609196036,0,,,MIXED,,0.4932182490752412,False,Known actual full-cycle commissions divided by entry notional; funding/slippage unknown; adds mismatch prevents causal good-entry label,UNKNOWN_INCOMPLETE_EARLY_PATH,UNKNOWN_WITHOUT_COMPLETE_EXECUTABLE_COST_PATH
trade_cycle_entry_intent_muz4qhhu_x6tpk340,BNBUSDC,USDC,SHORT,1791439383239,1791441041635,0.46066555555555555,TP,COMPLETE,True,False,True,3.2364,0.72063557,,2.5157644300000004,,766.34,60,3,NO_PREDICATE,1,airun_muz4od4g_wy3a0mak,True,qwen/qwen3.8-27b,97351,102576,34320,-2.345582486316111,0,0.78,TREND_RESUMPTION,RISK_OFF,TREND,0.16154667917349272,True,Known actual full-cycle commissions divided by entry notional; funding/slippage unknown; adds mismatch prevents causal good-entry label,UNKNOWN_INCOMPLETE_EARLY_PATH,UNKNOWN_WITHOUT_COMPLETE_EXECUTABLE_COST_PATH
trade_cycle_entry_intent_muz4zibc_qjrqi4fa,UNIUSDC,USDC,SHORT,1791439791255,1791440852059,0.29466777777777775,TP,COMPLETE,True,False,True,4.294999999999999,0.401933,,3.8930669999999994,,7.72,240,3,NO_PREDICATE,1,airun_muz4xh6v_v5fnt84t,True,qwen/qwen3.8-27b,93158,98674,21354,-13.703234480439974,0,0.78,TREND_RESUMPTION,RISK_OFF,TREND,0.3356571133488341,True,Known actual full-cycle commissions divided by entry notional; funding/slippage unknown; adds mismatch prevents causal good-entry label,UNKNOWN_INCOMPLETE_EARLY_PATH,UNKNOWN_WITHOUT_COMPLETE_EXECUTABLE_COST_PATH
trade_cycle_entry_intent_muz520yz_0hwsnl7w,ZECUSDT,USDT,SHORT,1791439900570,1791440681531,0.21693361111111112,TP,COMPLETE,True,False,True,9.42128,0.8010543799999998,,8.62022562,,1236.34,15,3,NO_PREDICATE,1,airun_muz4zuyv_a08zghte,True,qwen/qwen3.8-27b,99484,108080,13175,-33.23882240213072,0,0.78,TREND_RESUMPTION,RISK_OFF,TREND,0.46933994541811136,True,Known actual full-cycle commissions divided by entry notional; funding/slippage unknown; adds mismatch prevents causal good-entry label,UNKNOWN_INCOMPLETE_EARLY_PATH,UNKNOWN_WITHOUT_COMPLETE_EXECUTABLE_COST_PATH
trade_cycle_entry_intent_muz45wfl_1nprta5u,NEARUSDC,USDC,LONG,1791438399259,1791439889595,0.4139822222222222,TP,COMPLETE,True,False,True,15.988999959999997,0,,15.988999959999997,,5.427,240,3,NO_PREDICATE,4,airun_muz43sg2_yhd3nrup,True,qwen/qwen3.8-27b,96867,102230,10742,9.250693802034249,0,0.78,TREND_RESUMPTION,RISK_OFF,TREND,0.3142329020332617,True,Known actual full-cycle commissions divided by entry notional; funding/slippage unknown; adds mismatch prevents causal good-entry label,UNKNOWN_INCOMPLETE_EARLY_PATH,UNKNOWN_WITHOUT_COMPLETE_EXECUTABLE_COST_PATH
trade_cycle_UNIUSDT_LONG_5651fce1-552b-4789-a08e-5e6d565f6a32,UNIUSDT,USDT,LONG,1790734143824,1791439425395,195.9115475,TP,COMPLETE,True,False,True,13.860000000000001,0.8049383999999999,,13.0550616,,7.99,60,3,NO_PREDICATE,1,airun_muyxw0gh_9ajnxjl1,True,qwen/qwen3.8-27b,94812,100614,-693802077,-21.316614420060496,0,0.65,TREND_RESUMPTION,LOW_VOLATILITY,RANGE,0.40211108318671945,False,Known actual full-cycle commissions divided by entry notional; funding/slippage unknown; adds mismatch prevents causal good-entry label,UNKNOWN_INCOMPLETE_EARLY_PATH,UNKNOWN_WITHOUT_COMPLETE_EXECUTABLE_COST_PATH
trade_cycle_entry_intent_muz254oy_mlsbtniy,AAVEUSDT,USDT,SHORT,1791435004787,1791439196411,1.16434,TP,COMPLETE,True,False,True,3.717,0.4064274,,3.3105726,,171.9,15,3,NO_PREDICATE,1,airun_muz232bo_glnq2kk9,True,qwen/qwen3.8-27b,94748,100214,11475,-17.382269784744775,0,0.78,TREND_RESUMPTION,RISK_OFF,TREND,0.36515388628066064,True,Known actual full-cycle commissions divided by entry notional; funding/slippage unknown; adds mismatch prevents causal good-entry label,UNKNOWN_INCOMPLETE_EARLY_PATH,UNKNOWN_WITHOUT_COMPLETE_EXECUTABLE_COST_PATH
trade_cycle_entry_intent_muz2u2ix_c143vcml,ETHFIUSDC,USDC,SHORT,1791436167896,1791439121260,0.8203788888888889,TP,COMPLETE,True,False,True,0.55176,0,,0.55176,,0.7087,15,3,NO_PREDICATE,1,airun_muz2s1x6_jvg1lal2,True,qwen/qwen3.8-27b,92522,99545,10932,-26.69257230555333,0,0.78,TREND_RESUMPTION,RISK_OFF,TREND,0.4634831460674115,True,Known actual full-cycle commissions divided by entry notional; funding/slippage unknown; adds mismatch prevents causal good-entry label,UNKNOWN_INCOMPLETE_EARLY_PATH,UNKNOWN_WITHOUT_COMPLETE_EXECUTABLE_COST_PATH
trade_cycle_entry_intent_muvfzhp0_w32x22ee,ONDOUSDT,USDT,SHORT,1791216437880,1791217413547,0.2710186111111111,UNKNOWN,PARTIAL,False,False,False,5.3508,0.4004868,,4.950313199999999,,0.4852,15,3,NO_PREDICATE,1,airun_muvfxepk_7q1pz12r,False,,,,,-34.21724649520286,0,,,MIXED,,0.5330053300532874,,Known actual full-cycle commissions divided by entry notional; funding/slippage unknown; adds mismatch prevents causal good-entry label,UNKNOWN_INCOMPLETE_EARLY_PATH,UNKNOWN_WITHOUT_COMPLETE_EXECUTABLE_COST_PATH
trade_cycle_entry_intent_muz2wgol_u3m1pj3r,WIFUSDC,USDC,SHORT,1791436327322,1791438776055,0.6802036111111112,TP,COMPLETE,True,False,True,0.047529999999999996,0,,0.047529999999999996,,0.2244,15,3,NO_PREDICATE,1,airun_muz2udho_0ucvwk6o,True,qwen/qwen3.8-27b,95852,106611,58722,-11.629270166921835,0,0.72,TREND_RESUMPTION,RISK_OFF,TREND,0.31097290093292146,True,Known actual full-cycle commissions divided by entry notional; funding/slippage unknown; adds mismatch prevents causal good-entry label,UNKNOWN_INCOMPLETE_EARLY_PATH,UNKNOWN_WITHOUT_COMPLETE_EXECUTABLE_COST_PATH
trade_cycle_entry_intent_muyx3ru4_r1f9y9vo,FETUSDT,USDT,LONG,1791426555703,1791437712103,3.099,TP,COMPLETE,True,False,True,0.5873,0.07821154000000001,,0.50908846,,0.2334,60,3,NO_PREDICATE,1,airun_muyx1nlm_jiewp3yo,True,qwen/qwen3.8-27b,97258,105682,23699,-2.220446049250313e-12,0,0.65,TREND_RESUMPTION,LOW_VOLATILITY,RANGE,0.30081650193384696,True,Known actual full-cycle commissions divided by entry notional; funding/slippage unknown; adds mismatch prevents causal good-entry label,UNKNOWN_INCOMPLETE_EARLY_PATH,UNKNOWN_WITHOUT_COMPLETE_EXECUTABLE_COST_PATH
trade_cycle_entry_intent_muz3ns4k_sntbhucj,NEARUSDC,USDC,LONG,1791437554143,1791437627503,0.02037777777777778,TP,COMPLETE,True,False,True,2.988,0,,2.988,,5.506,60,3,NO_PREDICATE,1,airun_muz3lnx8_0k0125vo,True,qwen/qwen3.8-27b,97094,105854,11069,-16.372566854643278,0,0.72,TREND_RESUMPTION,RISK_OFF,TREND,0.3279883381923836,True,Known actual full-cycle commissions divided by entry notional; funding/slippage unknown; adds mismatch prevents causal good-entry label,UNKNOWN_INCOMPLETE_EARLY_PATH,UNKNOWN_WITHOUT_COMPLETE_EXECUTABLE_COST_PATH
trade_cycle_entry_intent_muve8v1t_o9bsa9hu,ONDOUSDT,USDT,SHORT,1791213520026,1791216160813,0.7335519444444445,UNKNOWN,PARTIAL,False,False,False,1.525600000000001,0.14473487000000002,,1.380865130000001,,0.488,15,3,NO_PREDICATE,1,airun_muve6p8u_1h4wrrmt,False,,,,,-21.643012265311068,0,,,RISK_ON,,0.40816326530610025,,Known actual full-cycle commissions divided by entry notional; funding/slippage unknown; adds mismatch prevents causal good-entry label,UNKNOWN_INCOMPLETE_EARLY_PATH,UNKNOWN_WITHOUT_COMPLETE_EXECUTABLE_COST_PATH
trade_cycle_entry_intent_muve0ozg_6dvft1il,NEARUSDT,USDT,SHORT,1791213121608,1791216838083,1.0323541666666667,UNKNOWN,PARTIAL,False,False,False,1.76,0.15980795000000003,,1.60019205,,4.983,15,3,NO_PREDICATE,1,airun_muvdyhwu_ykvax12c,False,,,,,-24.252489206129102,0,,,RISK_ON,,0.43956043956044444,,Known actual full-cycle commissions divided by entry notional; funding/slippage unknown; adds mismatch prevents causal good-entry label,UNKNOWN_INCOMPLETE_EARLY_PATH,UNKNOWN_WITHOUT_COMPLETE_EXECUTABLE_COST_PATH
trade_cycle_entry_intent_muz11jsx_lhiqd1md,LTCUSDT,USDT,SHORT,1791433182971,1791433249228,0.01840472222222222,TP,COMPLETE,True,False,True,0.01925,0.0020104700000000003,,0.01723953,,65.15,15,3,NO_PREDICATE,1,airun_muz0zc2f_17xmqdhr,True,qwen/qwen3.8-27b,101748,108049,36272,-18.50203776029069,0,0.78,TREND_RESUMPTION,LOW_VOLATILITY,TREND,0.38226299694189597,True,Known actual full-cycle commissions divided by entry notional; funding/slippage unknown; adds mismatch prevents causal good-entry label,UNKNOWN_INCOMPLETE_EARLY_PATH,UNKNOWN_WITHOUT_COMPLETE_EXECUTABLE_COST_PATH
trade_cycle_entry_intent_muyzzq8y_x1sp0r2h,NEARUSDC,USDC,LONG,1791431398851,1791433717567,0.6440877777777778,TP,COMPLETE,True,False,True,2.618,0,,2.618,,5.393,60,3,NO_PREDICATE,1,airun_muyzxpds_a4bw2xcq,True,qwen/qwen3.8-27b,92731,101460,16840,16.759776536312554,0,0.65,TREND_RESUMPTION,LOW_VOLATILITY,TREND,0.2602714259156021,False,Known actual full-cycle commissions divided by entry notional; funding/slippage unknown; adds mismatch prevents causal good-entry label,UNKNOWN_INCOMPLETE_EARLY_PATH,UNKNOWN_WITHOUT_COMPLETE_EXECUTABLE_COST_PATH
trade_cycle_entry_intent_muvd0xwa_f4015s34,ETHFIUSDT,USDT,LONG,1791211453094,1791288589067,21.426659166666667,TP,PARTIAL,False,False,False,6.66899,0,,6.66899,,0.7599,60,3,NO_PREDICATE,4,airun_muvcyt4w_zdhiusz2,False,,,,,-22.201236492388475,0,,,RISK_ON,,0.42288885952160443,True,Known actual full-cycle commissions divided by entry notional; funding/slippage unknown; adds mismatch prevents causal good-entry label,UNKNOWN_INCOMPLETE_EARLY_PATH,UNKNOWN_WITHOUT_COMPLETE_EXECUTABLE_COST_PATH
trade_cycle_entry_intent_muyg0576_70guy4my,ARBUSDT,USDT,SHORT,1791397829707,1791433263585,9.842743888888888,TP,COMPLETE,True,False,True,6.18148999,0.51300499,,5.668485,,0.182,15,3,NO_PREDICATE,2,airun_muyfxxca_tgbrkfy1,True,qwen/qwen3.8-27b,101915,109571,20518,-13.091755551404294,0,0.78,TREND_RESUMPTION,RISK_OFF,TREND,0.3285870755750368,True,Known actual full-cycle commissions divided by entry notional; funding/slippage unknown; adds mismatch prevents causal good-entry label,UNKNOWN_INCOMPLETE_EARLY_PATH,UNKNOWN_WITHOUT_COMPLETE_EXECUTABLE_COST_PATH
trade_cycle_entry_intent_muyyj5wf_a8pdi8s4,ONDOUSDT,USDT,SHORT,1791428943560,1791433030663,1.1353063888888888,TP,COMPLETE,True,False,True,1.6473,0.16173011,,1.48556989,,0.4654,15,3,NO_PREDICATE,1,airun_muyyh1ws_9dyy0k3b,True,qwen/qwen3.8-27b,96936,103452,13876,-20.15322562287647,0,0.65,TREND_RESUMPTION,LOW_VOLATILITY,TREND,0.40659105499682835,True,Known actual full-cycle commissions divided by entry notional; funding/slippage unknown; adds mismatch prevents causal good-entry label,UNKNOWN_INCOMPLETE_EARLY_PATH,UNKNOWN_WITHOUT_COMPLETE_EXECUTABLE_COST_PATH
trade_cycle_entry_intent_muyehhtz_9jke1e9l,BNBUSDC,USDC,SHORT,1791395280315,1791432739631,10.405365555555555,TP,COMPLETE,True,False,True,31.0815,2.4743971099999995,,28.607102889999997,,766.65,240,3,NO_PREDICATE,5,airun_muyef9il_va0fhdv6,True,qwen/qwen3.8-27b,102503,111385,20839,-6.30751244764971,0,0.65,TREND_RESUMPTION,RISK_OFF,RANGE,0.25111244112520015,False,Known actual full-cycle commissions divided by entry notional; funding/slippage unknown; adds mismatch prevents causal good-entry label,UNKNOWN_INCOMPLETE_EARLY_PATH,UNKNOWN_WITHOUT_COMPLETE_EXECUTABLE_COST_PATH
trade_cycle_entry_intent_muyz38p1_atb0ymqi,VVVUSDT,USDT,SHORT,1791429881075,1791432302422,0.6725963888888888,TP,COMPLETE,True,False,True,3.94121,0.3511993,,3.5900106999999997,,25.129,15,3,NO_PREDICATE,2,airun_muyz13go_hqwaqrrr,True,qwen/qwen3.8-27b,98541,104635,14654,-17.539578021061875,0,0.85,TREND_RESUMPTION,LOW_VOLATILITY,TREND,0.3647753855913673,True,Known actual full-cycle commissions divided by entry notional; funding/slippage unknown; adds mismatch prevents causal good-entry label,UNKNOWN_INCOMPLETE_EARLY_PATH,UNKNOWN_WITHOUT_COMPLETE_EXECUTABLE_COST_PATH
trade_cycle_entry_intent_muyy1gte_j9oa2fgi,INJUSDT,USDT,SHORT,1791428118415,1791432283171,1.1568766666666668,TP,COMPLETE,True,False,True,1.6939,0.10451194000000003,,1.5893880599999999,,7.441,15,3,NO_PREDICATE,1,airun_muyxzcbs_2b9qglso,True,qwen/qwen3.8-27b,97642,101082,14333,-16.998307855611294,0,0.65,TREND_RESUMPTION,LOW_VOLATILITY,TREND,0.36154258168184433,True,Known actual full-cycle commissions divided by entry notional; funding/slippage unknown; adds mismatch prevents causal good-entry label,UNKNOWN_INCOMPLETE_EARLY_PATH,UNKNOWN_WITHOUT_COMPLETE_EXECUTABLE_COST_PATH
trade_cycle_entry_intent_muyy622v_j2su4t21,TIAUSDT,USDT,LONG,1791428405542,1791431469455,0.8510869444444444,TP,COMPLETE,True,False,True,6.552,0.60147359,,5.95052641,,0.483,60,3,NO_PREDICATE,1,airun_muyy4006_uy49utpe,True,qwen/qwen3.8-27b,94391,103624,87401,-12.461059190030932,0,0.72,TREND_RESUMPTION,LOW_VOLATILITY,TREND,0.43668122270742166,True,Known actual full-cycle commissions divided by entry notional; funding/slippage unknown; adds mismatch prevents causal good-entry label,UNKNOWN_INCOMPLETE_EARLY_PATH,UNKNOWN_WITHOUT_COMPLETE_EXECUTABLE_COST_PATH
trade_cycle_entry_intent_muv9slja_9wyopokp,BCHUSDT,USDT,SHORT,1791206044991,1791210843825,1.3330094444444445,UNKNOWN,PARTIAL,False,False,False,4.31324,0.79985229,,3.5133877100000004,,314.91,60,3,NO_PREDICATE,1,airun_muv9qfuu_485d2im1,False,,,,,-7.61059140637288,0,,,LOW_VOLATILITY,,0.21546943819511075,,Known actual full-cycle commissions divided by entry notional; funding/slippage unknown; adds mismatch prevents causal good-entry label,UNKNOWN_INCOMPLETE_EARLY_PATH,UNKNOWN_WITHOUT_COMPLETE_EXECUTABLE_COST_PATH
trade_cycle_entry_intent_muyyd41h_f4k5pk0z,SOLUSDT,USDT,SHORT,1791428673339,1791429178328,0.14027472222222223,TP,COMPLETE,True,False,True,1.9053,0.30559696999999997,,1.5997030300000001,,116.14,240,3,NO_PREDICATE,1,airun_muyyb1bp_lrex5afm,True,qwen/qwen3.8-27b,95277,100223,26009,-5.837272018953676,0,0.65,TREND_RESUMPTION,LOW_VOLATILITY,RANGE,0.24907669844539884,True,Known actual full-cycle commissions divided by entry notional; funding/slippage unknown; adds mismatch prevents causal good-entry label,UNKNOWN_INCOMPLETE_EARLY_PATH,UNKNOWN_WITHOUT_COMPLETE_EXECUTABLE_COST_PATH
trade_cycle_entry_intent_muyt640s_sf8lnp6h,TAOUSDT,USDT,SHORT,1791419946095,1791428851999,2.4738622222222224,TP,COMPLETE,True,False,True,2.16891,0.28888341,,1.8800265899999997,,289.26,15,3,NO_PREDICATE,1,airun_muyt3xx7_x8wvxt2m,True,qwen/qwen3.8-27b,99772,105132,23352,-11.139299860043472,0,0.65,TREND_RESUMPTION,LOW_VOLATILITY,RANGE,0.2998655774998603,True,Known actual full-cycle commissions divided by entry notional; funding/slippage unknown; adds mismatch prevents causal good-entry label,UNKNOWN_INCOMPLETE_EARLY_PATH,UNKNOWN_WITHOUT_COMPLETE_EXECUTABLE_COST_PATH
trade_cycle_entry_intent_muyxnq87_rwi5w5js,BCHUSDT,USDT,SHORT,1791427494923,1791428653894,0.32193638888888887,TP,COMPLETE,True,False,True,2.59584,0.39985248000000007,,2.19598752,,299.98,15,3,NO_PREDICATE,1,airun_muyxlnzj_irtqu0xr,True,qwen/qwen3.8-27b,94690,97057,31866,-6.889523961763899,0,0.65,TREND_RESUMPTION,LOW_VOLATILITY,RANGE,0.25934299773903313,True,Known actual full-cycle commissions divided by entry notional; funding/slippage unknown; adds mismatch prevents causal good-entry label,UNKNOWN_INCOMPLETE_EARLY_PATH,UNKNOWN_WITHOUT_COMPLETE_EXECUTABLE_COST_PATH
trade_cycle_entry_intent_muyxktzd_uvnc6tx0,TIAUSDC,USDC,LONG,1791427339566,1791427516343,0.04910472222222222,TP,COMPLETE,True,False,True,0.4703,0,,0.4703,,0.4854,60,3,NO_PREDICATE,1,airun_muyxinet_w8kvcssc,True,qwen/qwen3.8-27b,100205,106075,11708,-1.5350138604641739,1,0.78,TREND_RESUMPTION,LOW_VOLATILITY,TREND,0.30465310162511416,True,Known actual full-cycle commissions divided by entry notional; funding/slippage unknown; adds mismatch prevents causal good-entry label,UNKNOWN_INCOMPLETE_EARLY_PATH,UNKNOWN_WITHOUT_COMPLETE_EXECUTABLE_COST_PATH
trade_cycle_entry_intent_muywqz80_0mevqj5m,TIAUSDT,USDT,LONG,1791425946423,1791426667323,0.20025,TP,COMPLETE,True,False,True,4.609,0.4017371999999998,,4.2072628000000005,,0.4805,60,3,NO_PREDICATE,1,airun_muywotkg_ycsthsct,True,qwen/qwen3.8-27b,99156,105681,11315,-25.026068821693002,0,0.72,TREND_RESUMPTION,LOW_VOLATILITY,TREND,0.4599623667154929,True,Known actual full-cycle commissions divided by entry notional; funding/slippage unknown; adds mismatch prevents causal good-entry label,UNKNOWN_INCOMPLETE_EARLY_PATH,UNKNOWN_WITHOUT_COMPLETE_EXECUTABLE_COST_PATH
trade_cycle_entry_intent_muyvr02i_792mkq64,NEARUSDC,USDC,LONG,1791424270671,1791426150323,0.5221255555555555,TP,COMPLETE,True,False,True,2.632,0,,2.632,,5.367,15,3,NO_PREDICATE,1,airun_muyvow19_4f45z7ru,True,qwen/qwen3.8-27b,96972,104162,14166,-5.601194921583952,0,0.72,TREND_RESUMPTION,LOW_VOLATILITY,TREND,0.2615355875210207,True,Known actual full-cycle commissions divided by entry notional; funding/slippage unknown; adds mismatch prevents causal good-entry label,UNKNOWN_INCOMPLETE_EARLY_PATH,UNKNOWN_WITHOUT_COMPLETE_EXECUTABLE_COST_PATH
trade_cycle_entry_intent_muywk0e8_0a716mju,ZECUSDT,USDT,SHORT,1791425623483,1791426053667,0.11949555555555555,TP,COMPLETE,True,False,True,1.34408,0.16686489000000004,,1.17721511,,1313.85,15,3,NO_PREDICATE,1,airun_muywhsjj_a4rpwt77,True,qwen/qwen3.8-27b,101903,108975,13549,-13.4118613176204,0,0.72,TREND_RESUMPTION,LOW_VOLATILITY,TREND,0.3216775789209808,True,Known actual full-cycle commissions divided by entry notional; funding/slippage unknown; adds mismatch prevents causal good-entry label,UNKNOWN_INCOMPLETE_EARLY_PATH,UNKNOWN_WITHOUT_COMPLETE_EXECUTABLE_COST_PATH
trade_cycle_entry_intent_muv0zi34_ujjc0re9,NEARUSDT,USDT,LONG,1791191229178,1791209332374,5.0286655555555555,UNKNOWN,PARTIAL,False,False,False,9.728,0.8545343999999999,,8.8734656,,5.068,60,3,NO_PREDICATE,3,airun_muv0xgvm_6owlru51,False,,,,,21.81673938913109,0,,,LOW_VOLATILITY,,0.29685335444289884,,Known actual full-cycle commissions divided by entry notional; funding/slippage unknown; adds mismatch prevents causal good-entry label,UNKNOWN_INCOMPLETE_EARLY_PATH,UNKNOWN_WITHOUT_COMPLETE_EXECUTABLE_COST_PATH
trade_cycle_entry_intent_muydycyn_8fl2sd83,BTCUSDT,USDT,SHORT,1791394466639,1791425479463,8.614673333333334,TP,COMPLETE,True,False,True,18.375,1.6295400400000002,,16.74545996,,82971.3,60,3,NO_PREDICATE,4,airun_muydvzy7_yirv5feo,True,qwen/qwen3.8-27b,108570,110681,99958,-8.741696563612233,0,0.72,TREND_RESUMPTION,LOW_VOLATILITY,TREND,0.2745202206257885,True,Known actual full-cycle commissions divided by entry notional; funding/slippage unknown; adds mismatch prevents causal good-entry label,UNKNOWN_INCOMPLETE_EARLY_PATH,UNKNOWN_WITHOUT_COMPLETE_EXECUTABLE_COST_PATH
trade_cycle_entry_intent_muuwy9u7_6f30on5g,NEARUSDC,USDC,LONG,1791184472362,1791185131373,0.1830586111111111,UNKNOWN,PARTIAL,False,False,False,4.554,0,,4.554,,5.098,15,3,NO_PREDICATE,1,airun_muuww4gy_m0qmggju,False,,,,,0,0,,,LOW_VOLATILITY,,0.19654088050314045,,Known actual full-cycle commissions divided by entry notional; funding/slippage unknown; adds mismatch prevents causal good-entry label,UNKNOWN_INCOMPLETE_EARLY_PATH,UNKNOWN_WITHOUT_COMPLETE_EXECUTABLE_COST_PATH
trade_cycle_entry_intent_muyt1rih_y188q0jb,NEARUSDC,USDC,LONG,1791419743587,1791422073864,0.6472991666666666,TP,COMPLETE,True,False,True,16.254,0,,16.254,,5.329,15,3,NO_PREDICATE,1,airun_muyszndl_htqtqbm4,True,qwen/qwen3.8-27b,97190,103680,23716,-22.57761053621965,0,0.72,TREND_RESUMPTION,LOW_VOLATILITY,TREND,0.490288515934373,True,Known actual full-cycle commissions divided by entry notional; funding/slippage unknown; adds mismatch prevents causal good-entry label,UNKNOWN_INCOMPLETE_EARLY_PATH,UNKNOWN_WITHOUT_COMPLETE_EXECUTABLE_COST_PATH
trade_cycle_entry_intent_muuvusvk_jm0lbmyp,SOLUSDT,USDT,SHORT,1791182621862,1791192894332,2.853463888888889,UNKNOWN,PARTIAL,False,False,False,2.8152,0.39979149,,2.41540851,,120.54,60,3,NO_PREDICATE,1,airun_muuvskt1_uq4kdyvn,False,,,,,-8.803109484318838,0,,,LOW_VOLATILITY,,0.28127068166776076,,Known actual full-cycle commissions divided by entry notional; funding/slippage unknown; adds mismatch prevents causal good-entry label,UNKNOWN_INCOMPLETE_EARLY_PATH,UNKNOWN_WITHOUT_COMPLETE_EXECUTABLE_COST_PATH
trade_cycle_entry_intent_muuvo7xx_voizkeg7,NEARUSDT,USDT,LONG,1791182330339,1791183237325,0.25194055555555556,UNKNOWN,PARTIAL,False,False,False,5.478,0.13240918,,5.345590819999999,,4.994,15,3,NO_PREDICATE,1,airun_muuvm0xf_8s75u7sv,False,,,,,-20.064205457461792,0,,,LOW_VOLATILITY,,0.4020908725371669,,Known actual full-cycle commissions divided by entry notional; funding/slippage unknown; adds mismatch prevents causal good-entry label,UNKNOWN_INCOMPLETE_EARLY_PATH,UNKNOWN_WITHOUT_COMPLETE_EXECUTABLE_COST_PATH
trade_cycle_entry_intent_muuuzxwm_xafwbpdm,BNBUSDC,USDC,LONG,1791181195045,1791184096515,0.8059638888888889,UNKNOWN,PARTIAL,False,False,False,2.9348,0.7236759199999999,,2.2111240800000003,,795.13,240,3,NO_PREDICATE,1,airun_muuuxqt0_xzw83vzm,False,,,,,-0.7183654739062462,1,,,LOW_VOLATILITY,,0.1461012380820394,,Known actual full-cycle commissions divided by entry notional; funding/slippage unknown; adds mismatch prevents causal good-entry label,UNKNOWN_INCOMPLETE_EARLY_PATH,UNKNOWN_WITHOUT_COMPLETE_EXECUTABLE_COST_PATH
trade_cycle_entry_intent_muuung0g_36qr5cne,NEARUSDC,USDC,LONG,1791180594920,1791183222436,0.7298655555555555,UNKNOWN,PARTIAL,False,False,False,0.018,0,,0.018,,5.043,15,3,NO_PREDICATE,1,airun_muuul9vo_7vwafuyz,False,,,,,-9.940357852882276,0,,,LOW_VOLATILITY,,0.35820895522387647,,Known actual full-cycle commissions divided by entry notional; funding/slippage unknown; adds mismatch prevents causal good-entry label,UNKNOWN_INCOMPLETE_EARLY_PATH,UNKNOWN_WITHOUT_COMPLETE_EXECUTABLE_COST_PATH
trade_cycle_entry_intent_muuukbgp_u5jpi24b,ETHUSDT,USDT,LONG,1791180440284,1791181048715,0.16900861111111112,UNKNOWN,PARTIAL,False,False,False,3.87504,0.76133023,,3.11370977,,2714.05,60,3,NO_PREDICATE,1,airun_muuui2v3_fbnzfob4,False,,,,,-6.272530375650565,0,,,LOW_VOLATILITY,,0.20380058555747885,,Known actual full-cycle commissions divided by entry notional; funding/slippage unknown; adds mismatch prevents causal good-entry label,UNKNOWN_INCOMPLETE_EARLY_PATH,UNKNOWN_WITHOUT_COMPLETE_EXECUTABLE_COST_PATH
trade_cycle_entry_intent_muurbncl_duboctnt,ZECUSDT,USDT,SHORT,1791174996965,1791195224417,5.618736666666667,UNKNOWN,PARTIAL,False,False,False,7.21681,0.6392195,,6.5775904999999995,,1312.92,15,3,NO_PREDICATE,1,airun_muur9h4w_blz06j1w,False,,,,,-8.890707120940977,0,,,LOW_VOLATILITY,,0.2393489707994152,,Known actual full-cycle commissions divided by entry notional; funding/slippage unknown; adds mismatch prevents causal good-entry label,UNKNOWN_INCOMPLETE_EARLY_PATH,UNKNOWN_WITHOUT_COMPLETE_EXECUTABLE_COST_PATH
trade_cycle_entry_intent_muys8czq_nvccqxxs,ZECUSDT,USDT,SHORT,1791418374403,1791419581764,0.33537805555555555,TP,COMPLETE,True,False,True,1.81232,0.19919860999999997,,1.61312139,,1322.05,15,3,NO_PREDICATE,1,airun_muys67fk_62b2uncy,True,qwen/qwen3.8-27b,98303,109377,27108,-8.750028286725886,0,0.65,TREND_RESUMPTION,LOW_VOLATILITY,RANGE,0.36326090724784516,True,Known actual full-cycle commissions divided by entry notional; funding/slippage unknown; adds mismatch prevents causal good-entry label,UNKNOWN_INCOMPLETE_EARLY_PATH,UNKNOWN_WITHOUT_COMPLETE_EXECUTABLE_COST_PATH
trade_cycle_entry_intent_muyjvse1_h6kqke8n,ONDOUSDT,USDT,LONG,1791404362339,1791405029859,0.1854222222222222,TP,COMPLETE,True,False,True,2.1209999999999996,0.40146287,,1.7195371299999995,,0.4737,60,3,NO_PREDICATE,1,airun_muyjtjif_z3njykb6,True,qwen/qwen3.8-27b,103240,112752,37908,10.588733587462151,0,0.65,TREND_RESUMPTION,LOW_VOLATILITY,RANGE,0.2115506663845993,True,Known actual full-cycle commissions divided by entry notional; funding/slippage unknown; adds mismatch prevents causal good-entry label,UNKNOWN_INCOMPLETE_EARLY_PATH,UNKNOWN_WITHOUT_COMPLETE_EXECUTABLE_COST_PATH
trade_cycle_entry_intent_muyfl3ql_39b7a561,AAVEUSDT,USDT,LONG,1791397132323,1791404122435,1.9416977777777777,TP,COMPLETE,True,False,True,3.481,0.40781979999999995,,3.0731802,,173.1,60,3,NO_PREDICATE,1,airun_muyfizsg_y8f5s99t,True,qwen/qwen3.8-27b,96868,104475,24847,-2.897542883637527,0,0.65,TREND_RESUMPTION,RISK_OFF,RANGE,0.3420091588893583,True,Known actual full-cycle commissions divided by entry notional; funding/slippage unknown; adds mismatch prevents causal good-entry label,UNKNOWN_INCOMPLETE_EARLY_PATH,UNKNOWN_WITHOUT_COMPLETE_EXECUTABLE_COST_PATH
trade_cycle_entry_intent_muyf9pn1_kuhhczt1,DOTUSDT,USDT,SHORT,1791396617079,1791397286383,0.18591777777777777,TP,COMPLETE,True,False,True,0.0612,0.006704459999999999,,0.054495539999999995,,1.0935,60,3,NO_PREDICATE,1,airun_muyf7ifb_qos1btf2,True,qwen/qwen3.8-27b,101070,111130,41122,-22.126099370054497,0,0.85,TREND_RESUMPTION,RISK_OFF,TREND,0.3644646924829161,True,Known actual full-cycle commissions divided by entry notional; funding/slippage unknown; adds mismatch prevents causal good-entry label,UNKNOWN_INCOMPLETE_EARLY_PATH,UNKNOWN_WITHOUT_COMPLETE_EXECUTABLE_COST_PATH
trade_cycle_ETHUSDT_SHORT_9e29330a-fe31-41ef-92ef-64220ff0921f,ETHUSDT,USDT,SHORT,1791389037834,1791394853423,1.615441388888889,TP,COMPLETE,True,False,True,1.32793,0.0994469,,1.2284831,,2563.26,60,3,NO_PREDICATE,1,airun_muyan0m5_0vvhqmy7,False,,,,,-7.086979038894992,0,,,RISK_OFF,,0.25876392558492856,True,Known actual full-cycle commissions divided by entry notional; funding/slippage unknown; adds mismatch prevents causal good-entry label,UNKNOWN_INCOMPLETE_EARLY_PATH,UNKNOWN_WITHOUT_COMPLETE_EXECUTABLE_COST_PATH
trade_cycle_entry_intent_muyak59b_foujxpi4,SOLUSDT,USDT,SHORT,1791388686759,1791394982200,1.7487336111111111,TP,COMPLETE,True,False,True,0.6646,0.058707800000000004,,0.6058921999999999,,116.41,60,3,NO_PREDICATE,2,airun_muyahx6a_cvdrx87c,False,,,,,-4.16442742150025,0,,,RISK_OFF,,0.23140212547137132,True,Known actual full-cycle commissions divided by entry notional; funding/slippage unknown; adds mismatch prevents causal good-entry label,UNKNOWN_INCOMPLETE_EARLY_PATH,UNKNOWN_WITHOUT_COMPLETE_EXECUTABLE_COST_PATH
trade_cycle_entry_intent_muya37o8_2hz2pxg1,BCHUSDT,USDT,SHORT,1791387935495,1791394862899,1.9242788888888889,TP,COMPLETE,True,False,True,3.53192,0.7597412100000001,,2.77217879,,300.87,60,3,NO_PREDICATE,1,airun_muya0l6m_tfn1uthx,False,,,,,-4.4624558347017285,0,,,RISK_OFF,,0.18578111004213324,True,Known actual full-cycle commissions divided by entry notional; funding/slippage unknown; adds mismatch prevents causal good-entry label,UNKNOWN_INCOMPLETE_EARLY_PATH,UNKNOWN_WITHOUT_COMPLETE_EXECUTABLE_COST_PATH
trade_cycle_entry_intent_muy1wvtw_yk0fv560,BCHUSDT,USDT,SHORT,1791374211075,1791375788015,0.43803888888888887,TP,COMPLETE,True,False,True,3.27294,0.59972161,,2.6732183900000006,,302.01,60,3,NO_PREDICATE,1,airun_muy1urtm_931vvbtf,False,,,,,-6.255436329805075,0,,,LOW_VOLATILITY,,0.21805927247496226,True,Known actual full-cycle commissions divided by entry notional; funding/slippage unknown; adds mismatch prevents causal good-entry label,UNKNOWN_INCOMPLETE_EARLY_PATH,UNKNOWN_WITHOUT_COMPLETE_EXECUTABLE_COST_PATH
trade_cycle_entry_intent_muy1fn2q_ib4il59k,ETHUSDT,USDT,SHORT,1791373382091,1791378148119,1.3238966666666667,TP,COMPLETE,True,False,True,2.2464,0.40071561,,1.8456843900000002,,2565.81,15,3,NO_PREDICATE,1,airun_muy1dh3h_p0crnxj8,False,,,,,-3.617776118010063,0,,,LOW_VOLATILITY,,0.22398768067757122,True,Known actual full-cycle commissions divided by entry notional; funding/slippage unknown; adds mismatch prevents causal good-entry label,UNKNOWN_INCOMPLETE_EARLY_PATH,UNKNOWN_WITHOUT_COMPLETE_EXECUTABLE_COST_PATH
trade_cycle_entry_intent_muy03mn8_xpd6nk2t,ETHUSDT,USDT,SHORT,1791371126731,1791372026687,0.24998777777777778,TP,COMPLETE,True,False,True,2.77032,0.79983716,,1.9704828399999998,,2575.01,240,3,NO_PREDICATE,1,airun_muy0192o_o0aouwgz,False,,,,,-0.019416544458916718,0,,,LOW_VOLATILITY,,0.13844829324665936,True,Known actual full-cycle commissions divided by entry notional; funding/slippage unknown; adds mismatch prevents causal good-entry label,UNKNOWN_INCOMPLETE_EARLY_PATH,UNKNOWN_WITHOUT_COMPLETE_EXECUTABLE_COST_PATH
trade_cycle_entry_intent_muxoex8d_lajt9sg7,BTCUSDT,USDT,SHORT,1791351496435,1791365649725,3.9314694444444442,TP,COMPLETE,True,False,True,25.70629,2.27959565,,23.42669435,,84050,60,3,NO_PREDICATE,4,airun_muxockf6_85t0thzl,False,,,,,-0.3820344366389783,0,,,RISK_OFF,,0.15063532944944796,True,Known actual full-cycle commissions divided by entry notional; funding/slippage unknown; adds mismatch prevents causal good-entry label,UNKNOWN_INCOMPLETE_EARLY_PATH,UNKNOWN_WITHOUT_COMPLETE_EXECUTABLE_COST_PATH
trade_cycle_entry_intent_muxo341a_tcyd3v6n,ETHUSDT,USDT,SHORT,1791350967351,1791363171399,3.3900133333333335,TP,COMPLETE,True,False,True,3.93729998,0.51520338,,3.4220966,,2608.6,60,3,NO_PREDICATE,2,airun_muxo0wel_uxpreraz,False,,,,,-3.581423858951549,0,,,RISK_OFF,,0.2237564306068337,True,Known actual full-cycle commissions divided by entry notional; funding/slippage unknown; adds mismatch prevents causal good-entry label,UNKNOWN_INCOMPLETE_EARLY_PATH,UNKNOWN_WITHOUT_COMPLETE_EXECUTABLE_COST_PATH
trade_cycle_entry_intent_muxicoas_y787bel1,SOLUSDT,USDT,SHORT,1791341357059,1791365635203,6.743928888888889,TP,COMPLETE,True,False,True,10.7536,0.9361562899999999,,9.817443710000001,,117.89,15,3,NO_PREDICATE,3,airun_muxiak7w_8kz4qvgl,False,,,,,-14.240967271803573,0,,,MIXED,,0.3381519993237247,True,Known actual full-cycle commissions divided by entry notional; funding/slippage unknown; adds mismatch prevents causal good-entry label,UNKNOWN_INCOMPLETE_EARLY_PATH,UNKNOWN_WITHOUT_COMPLETE_EXECUTABLE_COST_PATH
trade_cycle_entry_intent_muxhij4g_4svci4ba,BCHUSDT,USDT,SHORT,1791339949111,1791370253604,8.417914722222223,TP,COMPLETE,True,False,True,15.50029,0.79792686,,14.70236314,,303.74,240,3,NO_PREDICATE,2,airun_muxhgd7h_iyd8ggc4,False,,,,,-21.284058820154605,0,,,MIXED,,0.4000524658971572,False,Known actual full-cycle commissions divided by entry notional; funding/slippage unknown; adds mismatch prevents causal good-entry label,UNKNOWN_INCOMPLETE_EARLY_PATH,UNKNOWN_WITHOUT_COMPLETE_EXECUTABLE_COST_PATH
trade_cycle_entry_intent_muxhcc5h_0zushqz7,BTCUSDT,USDT,SHORT,1791339680972,1791339846727,0.04604305555555555,TP,COMPLETE,True,False,True,4.94656,0.60002811,,4.34653189,,84648,15,3,NO_PREDICATE,1,airun_muxha6b1_9t6bcdsj,False,,,,,-26.161579652153044,0,,,MIXED,,0.44831657830486127,True,Known actual full-cycle commissions divided by entry notional; funding/slippage unknown; adds mismatch prevents causal good-entry label,UNKNOWN_INCOMPLETE_EARLY_PATH,UNKNOWN_WITHOUT_COMPLETE_EXECUTABLE_COST_PATH
trade_cycle_entry_intent_muxgtkwy_t5moa72g,BTCUSDT,USDT,SHORT,1791338749019,1791339566037,0.22694944444444445,TP,COMPLETE,True,False,True,8.56352,0.75933804,,7.804181959999999,,84819.2,60,3,NO_PREDICATE,1,airun_muxgrblt_ih37xk6r,False,,,,,-0.009769640747503416,0,,,LOW_VOLATILITY,,0.14068969739353204,True,Known actual full-cycle commissions divided by entry notional; funding/slippage unknown; adds mismatch prevents causal good-entry label,UNKNOWN_INCOMPLETE_EARLY_PATH,UNKNOWN_WITHOUT_COMPLETE_EXECUTABLE_COST_PATH
trade_cycle_entry_intent_muxeu113_rbtqe4t1,AVAXUSDT,USDT,LONG,1791335421355,1791338762248,0.9280258333333333,SYSTEM_MANUAL,COMPLETE,True,False,True,-51.49,0.430844,,-51.920844,,11.656,60,3,NO_PREDICATE,1,airun_muxeruja_mrmebhoy,False,,,,,-22.106424601110454,0,,,LOW_VOLATILITY,,0.4048582995951468,False,Known actual full-cycle commissions divided by entry notional; funding/slippage unknown; adds mismatch prevents causal good-entry label,UNKNOWN_INCOMPLETE_EARLY_PATH,UNKNOWN_WITHOUT_COMPLETE_EXECUTABLE_COST_PATH
trade_cycle_entry_intent_mux9p49s_3ytnbj2y,ETHUSDT,USDT,SHORT,1791326781007,1791335967007,2.5516666666666667,TP,COMPLETE,True,False,True,4.464,0.80124624,,3.66275376,,2689.36,240,3,NO_PREDICATE,2,airun_mux9mw5p_3x67rij5,False,,,,,-0.8905644694445769,0,,,LOW_VOLATILITY,,0.21520058178363166,True,Known actual full-cycle commissions divided by entry notional; funding/slippage unknown; adds mismatch prevents causal good-entry label,UNKNOWN_INCOMPLETE_EARLY_PATH,UNKNOWN_WITHOUT_COMPLETE_EXECUTABLE_COST_PATH
trade_cycle_entry_intent_muwvbk76_2fa44usa,BCHUSDT,USDT,SHORT,1791302648839,1791303460572,0.22548138888888888,TP,COMPLETE,True,False,True,4.51986,0.39953015000000003,,4.12032985,,313.64,15,3,NO_PREDICATE,1,airun_muwv9cqy_1vyo1baq,False,,,,,-8.735162937463237,0,,,RISK_ON,,0.2766207751740818,True,Known actual full-cycle commissions divided by entry notional; funding/slippage unknown; adds mismatch prevents causal good-entry label,UNKNOWN_INCOMPLETE_EARLY_PATH,UNKNOWN_WITHOUT_COMPLETE_EXECUTABLE_COST_PATH
trade_cycle_entry_intent_muwmzh78_vfp1v6g2,AVAXUSDT,USDT,LONG,1791288645319,1791327677731,10.842336666666666,TP,COMPLETE,True,False,True,30.762,2.7087467900000006,,28.05325321,,11.71,60,3,NO_PREDICATE,6,airun_muwmxbdh_y4egk0o8,False,,,,,-27.571543057972605,0,,,LOW_VOLATILITY,,0.4202040991338912,True,Known actual full-cycle commissions divided by entry notional; funding/slippage unknown; adds mismatch prevents causal good-entry label,UNKNOWN_INCOMPLETE_EARLY_PATH,UNKNOWN_WITHOUT_COMPLETE_EXECUTABLE_COST_PATH
trade_cycle_entry_intent_muwl5r8g_8mxs9m05,AVAXUSDT,USDT,LONG,1791285587635,1791286303332,0.19880472222222223,TP,COMPLETE,True,False,True,2.2249999999999996,0.40528819999999993,,1.8197117999999997,,11.397,60,3,NO_PREDICATE,1,airun_muwl3k1v_cwo67f19,False,,,,,19.383259911893713,1,,,LOW_VOLATILITY,,0.2198381990854762,True,Known actual full-cycle commissions divided by entry notional; funding/slippage unknown; adds mismatch prevents causal good-entry label,UNKNOWN_INCOMPLETE_EARLY_PATH,UNKNOWN_WITHOUT_COMPLETE_EXECUTABLE_COST_PATH
trade_cycle_entry_intent_muwhhken_wb5e6vy8,BCHUSDT,USDT,SHORT,1791279399009,1791302356953,6.377206666666667,TP,COMPLETE,True,False,True,3.50704,0.47999179000000003,,3.02704821,,314.33,60,3,NO_PREDICATE,1,airun_muwhfek1_vbhufzoz,False,,,,,-11.94387615849779,0,,,RISK_ON,,0.2918318794607505,False,Known actual full-cycle commissions divided by entry notional; funding/slippage unknown; adds mismatch prevents causal good-entry label,UNKNOWN_INCOMPLETE_EARLY_PATH,UNKNOWN_WITHOUT_COMPLETE_EXECUTABLE_COST_PATH
trade_cycle_entry_intent_muwekwke_7mm03oed,TIAUSDC,USDC,LONG,1791274517465,1791281554045,1.9546055555555555,TP,COMPLETE,True,False,True,2.8028,0,,2.8028,,0.4693,15,3,NO_PREDICATE,1,airun_muweipdm_lbf275k0,False,,,,,-10.67691650651681,0,,,MIXED,,0.3206498503634391,,Known actual full-cycle commissions divided by entry notional; funding/slippage unknown; adds mismatch prevents causal good-entry label,UNKNOWN_INCOMPLETE_EARLY_PATH,UNKNOWN_WITHOUT_COMPLETE_EXECUTABLE_COST_PATH
trade_cycle_entry_intent_muwduyyv_ea8hhn4y,TIAUSDT,USDT,LONG,1791273324170,1791280344936,1.9502127777777778,TP,COMPLETE,True,False,True,0.9088,0.10637500999999996,,0.8024249900000001,,0.469,15,3,NO_PREDICATE,1,airun_muwdsu1r_pmi4u1e4,False,,,,,-2.139037433159796,0,,,MIXED,,0.3423192126658446,,Known actual full-cycle commissions divided by entry notional; funding/slippage unknown; adds mismatch prevents causal good-entry label,UNKNOWN_INCOMPLETE_EARLY_PATH,UNKNOWN_WITHOUT_COMPLETE_EXECUTABLE_COST_PATH
trade_cycle_entry_intent_muwdiwog_k17vkmgo,AVAXUSDT,USDT,LONG,1791272759989,1791276065371,0.9181616666666667,TP,COMPLETE,True,False,True,6.5859999999999985,0.40391758,,6.182082419999999,,11.342,60,3,NO_PREDICATE,1,airun_muwdgr5i_dhxlf2dz,False,,,,,1.7688157778361635,0,,,MIXED,,0.2918029887700173,,Known actual full-cycle commissions divided by entry notional; funding/slippage unknown; adds mismatch prevents causal good-entry label,UNKNOWN_INCOMPLETE_EARLY_PATH,UNKNOWN_WITHOUT_COMPLETE_EXECUTABLE_COST_PATH
trade_cycle_entry_intent_muupsb1c_bf7rr9m2,ZECUSDT,USDT,SHORT,1791172429565,1791174600731,0.6031016666666666,UNKNOWN,PARTIAL,False,False,False,13.53372,1.1986187800000003,,12.33510122,,1327.14,15,3,NO_PREDICATE,2,airun_muupq4gr_v84c4hqn,False,,,,,-6.996579280467152,1,,,LOW_VOLATILITY,,0.20828477114992605,,Known actual full-cycle commissions divided by entry notional; funding/slippage unknown; adds mismatch prevents causal good-entry label,UNKNOWN_INCOMPLETE_EARLY_PATH,UNKNOWN_WITHOUT_COMPLETE_EXECUTABLE_COST_PATH
trade_cycle_entry_intent_muuoahyz_fwtv5iym,USELESSUSDT,USDT,SHORT,1791169890896,1791171433183,0.42841305555555553,UNKNOWN,PARTIAL,False,False,False,4.196,0,,4.196,,,,,,1,,False,,,,,,,,,LOW_VOLATILITY,,,,Known actual full-cycle commissions divided by entry notional; funding/slippage unknown; adds mismatch prevents causal good-entry label,UNKNOWN_INCOMPLETE_EARLY_PATH,UNKNOWN_WITHOUT_COMPLETE_EXECUTABLE_COST_PATH
trade_cycle_entry_intent_muunaq5v_x8sbbbj0,DOTUSDT,USDT,LONG,1791168225475,1791171585073,0.9332216666666666,UNKNOWN,PARTIAL,False,False,False,0.4466,0.07770827,,0.36889173000000003,,1.2194,15,3,NO_PREDICATE,1,airun_muun8hwa_50vvo7m2,False,,,,,11.520737327186392,0,,,LOW_VOLATILITY,,0.23014959723823428,,Known actual full-cycle commissions divided by entry notional; funding/slippage unknown; adds mismatch prevents causal good-entry label,UNKNOWN_INCOMPLETE_EARLY_PATH,UNKNOWN_WITHOUT_COMPLETE_EXECUTABLE_COST_PATH
trade_cycle_entry_intent_muumfki4_opm77n4a,VVVUSDT,USDT,LONG,1791166771695,1791187000967,5.619242222222222,UNKNOWN,PARTIAL,False,False,False,2.99192997,0.26562645999999995,,2.72630351,,29.997,60,3,NO_PREDICATE,2,airun_muumdekj_3ipoi6i5,False,,,,,-9.682804674460144,0,,,LOW_VOLATILITY,,0.25400220580865496,,Known actual full-cycle commissions divided by entry notional; funding/slippage unknown; adds mismatch prevents causal good-entry label,UNKNOWN_INCOMPLETE_EARLY_PATH,UNKNOWN_WITHOUT_COMPLETE_EXECUTABLE_COST_PATH
trade_cycle_entry_intent_muulua6t_0ian9iq7,DOTUSDT,USDT,LONG,1791165809358,1791166372761,0.15650083333333334,UNKNOWN,PARTIAL,False,False,False,0.13452,0.012135320000000002,,0.12238467999999998,,1.2102,60,3,NO_PREDICATE,1,airun_muuls5mv_rviejlej,False,,,,,11.603812681311165,0,,,LOW_VOLATILITY,,0.19041311366834746,,Known actual full-cycle commissions divided by entry notional; funding/slippage unknown; adds mismatch prevents causal good-entry label,UNKNOWN_INCOMPLETE_EARLY_PATH,UNKNOWN_WITHOUT_COMPLETE_EXECUTABLE_COST_PATH
trade_cycle_entry_intent_muull094_mwsq6p2m,BTCUSDT,USDT,LONG,1791165349871,1791289627598,34.521590833333335,SYSTEM_MANUAL,PARTIAL,False,False,False,3.7265399500000003,4.82407042,,-1.0975304700000001,,86796.9,60,3,NO_PREDICATE,10,airun_muuliqod_i57f8rkf,False,,,,,-2.2636715366397553,0,,,LOW_VOLATILITY,,0.26742786378851763,False,Known actual full-cycle commissions divided by entry notional; funding/slippage unknown; adds mismatch prevents causal good-entry label,UNKNOWN_INCOMPLETE_EARLY_PATH,UNKNOWN_WITHOUT_COMPLETE_EXECUTABLE_COST_PATH
trade_cycle_entry_intent_muukc8ev_xuqq1gcs,BRUSDT,USDT,SHORT,1791163272117,1791165126321,0.5150566666666667,UNKNOWN,PARTIAL,False,False,False,6.12316987,0.27188380999999995,,5.8512860600000005,,0.43219,15,3,NO_PREDICATE,1,airun_muuka36i_9xzdxu07,False,,,,,-15.969194319960245,0,,,LOW_VOLATILITY,,0.5568210579599161,,Known actual full-cycle commissions divided by entry notional; funding/slippage unknown; adds mismatch prevents causal good-entry label,UNKNOWN_INCOMPLETE_EARLY_PATH,UNKNOWN_WITHOUT_COMPLETE_EXECUTABLE_COST_PATH
trade_cycle_entry_intent_muuk3p5u_32vd1smk,ETHUSDT,USDT,LONG,1791162876807,1791166525424,1.0135047222222222,UNKNOWN,PARTIAL,False,False,False,3.9711999599999994,0.8013121,,3.1698878599999993,,2731.97,240,3,NO_PREDICATE,1,airun_muuk1fxb_w4c5zo5w,False,,,,,-6.012587872711306,2,,,LOW_VOLATILITY,,0.1984315374069867,,Known actual full-cycle commissions divided by entry notional; funding/slippage unknown; adds mismatch prevents causal good-entry label,UNKNOWN_INCOMPLETE_EARLY_PATH,UNKNOWN_WITHOUT_COMPLETE_EXECUTABLE_COST_PATH
trade_cycle_entry_intent_muujibnu_cqzxvzow,AAVEUSDT,USDT,LONG,1791161885344,1791162331001,0.1237936111111111,UNKNOWN,PARTIAL,False,False,False,0.164,0.014433600000000001,,0.14956640000000002,,180.61,240,3,NO_PREDICATE,1,airun_muujg4fk_86w5jzoe,False,,,,,-14.42281022910219,0,,,LOW_VOLATILITY,,0.3333148158435769,,Known actual full-cycle commissions divided by entry notional; funding/slippage unknown; adds mismatch prevents causal good-entry label,UNKNOWN_INCOMPLETE_EARLY_PATH,UNKNOWN_WITHOUT_COMPLETE_EXECUTABLE_COST_PATH
trade_cycle_entry_intent_muuimmmz_4jajfcy9,NEARUSDC,USDC,SHORT,1791160388616,1791164200275,1.0587941666666667,UNKNOWN,PARTIAL,False,False,False,13.753999550000007,0,,13.753999550000007,,4.869,15,3,NO_PREDICATE,2,airun_muuikhvq_advpvm0z,False,,,,,-12.855018477384572,0,,,LOW_VOLATILITY,,0.26628430970911543,,Known actual full-cycle commissions divided by entry notional; funding/slippage unknown; adds mismatch prevents causal good-entry label,UNKNOWN_INCOMPLETE_EARLY_PATH,UNKNOWN_WITHOUT_COMPLETE_EXECUTABLE_COST_PATH
trade_cycle_entry_intent_muufjpe8_yd16iuvk,PENGUUSDT,USDT,LONG,1791155224006,1791161137490,1.6426344444444445,UNKNOWN,PARTIAL,False,False,False,,,,,,0.00963,15,3,NO_PREDICATE,1,airun_muufhjow_f1bsxy9o,False,,,,,-2.0855057351432116,0,,,LOW_VOLATILITY,,0.4380475594493337,,Known actual full-cycle commissions divided by entry notional; funding/slippage unknown; adds mismatch prevents causal good-entry label,UNKNOWN_INCOMPLETE_EARLY_PATH,UNKNOWN_WITHOUT_COMPLETE_EXECUTABLE_COST_PATH
trade_cycle_entry_intent_muuejr74_z3mp90ec,ZECUSDT,USDT,LONG,1791153518430,1791153814320,0.08219166666666666,UNKNOWN,PARTIAL,False,False,False,3.0306900000000008,0.40217763,,2.628512370000001,,1358.92,15,3,NO_PREDICATE,1,airun_muuehmxk_4962mtie,False,,,,,13.081459802226636,0,,,RISK_ON,,0.30188289305670424,,Known actual full-cycle commissions divided by entry notional; funding/slippage unknown; adds mismatch prevents causal good-entry label,UNKNOWN_INCOMPLETE_EARLY_PATH,UNKNOWN_WITHOUT_COMPLETE_EXECUTABLE_COST_PATH
trade_cycle_entry_intent_muuchpuh_ikp2982v,PENGUUSDT,USDT,LONG,1791150084691,1791150732802,0.18003083333333333,UNKNOWN,PARTIAL,False,False,False,,,,,,0.009586,60,3,NO_PREDICATE,1,airun_muucfga7_uhw22r9n,False,,,,,11.513502198037262,0,,,LOW_VOLATILITY,,0.21955044432824578,,Known actual full-cycle commissions divided by entry notional; funding/slippage unknown; adds mismatch prevents causal good-entry label,UNKNOWN_INCOMPLETE_EARLY_PATH,UNKNOWN_WITHOUT_COMPLETE_EXECUTABLE_COST_PATH
trade_cycle_entry_intent_muucadjm_hwnozge8,DOGEUSDT,USDT,LONG,1791149742449,1791150357895,0.17095722222222223,UNKNOWN,PARTIAL,False,False,False,,,,,,0.09706,60,3,NO_PREDICATE,1,airun_muuc89cq_q5b146vj,False,,,,,2.0659022828217743,0,,,LOW_VOLATILITY,,0.23752969121139533,,Known actual full-cycle commissions divided by entry notional; funding/slippage unknown; adds mismatch prevents causal good-entry label,UNKNOWN_INCOMPLETE_EARLY_PATH,UNKNOWN_WITHOUT_COMPLETE_EXECUTABLE_COST_PATH
trade_cycle_entry_intent_muubkmht_ef11ce1o,WIFUSDT,USDT,LONG,1791148518663,1791150689667,0.6030566666666667,UNKNOWN,PARTIAL,False,False,False,,,,,,0.2547,60,3,NO_PREDICATE,1,airun_muubif52_l7rhsr3c,False,,,,,-7.8678206136895135,0,,,LOW_VOLATILITY,,0.2755905511810939,,Known actual full-cycle commissions divided by entry notional; funding/slippage unknown; adds mismatch prevents causal good-entry label,UNKNOWN_INCOMPLETE_EARLY_PATH,UNKNOWN_WITHOUT_COMPLETE_EXECUTABLE_COST_PATH
trade_cycle_entry_intent_muuanuoy_wvcgr8p3,AAVEUSDT,USDT,LONG,1791146996583,1791161626998,4.064004166666667,UNKNOWN,PARTIAL,False,False,False,,,,,,179.85,15,3,NO_PREDICATE,2,airun_muualq25_ygb7p6bd,False,,,,,-13.369728705918682,0,,,LOW_VOLATILITY,,0.3235343336865931,,Known actual full-cycle commissions divided by entry notional; funding/slippage unknown; adds mismatch prevents causal good-entry label,UNKNOWN_INCOMPLETE_EARLY_PATH,UNKNOWN_WITHOUT_COMPLETE_EXECUTABLE_COST_PATH
trade_cycle_entry_intent_muua7p6s_bntfijba,NEARUSDC,USDC,LONG,1791146243251,1791151521109,1.4660716666666667,UNKNOWN,PARTIAL,False,False,False,1.4299999700000001,0,,1.4299999700000001,,4.992,60,3,NO_PREDICATE,1,airun_muua5l2f_3nzeppf7,False,,,,,14.070351758799227,0,,,LOW_VOLATILITY,,0.20072260136487366,,Known actual full-cycle commissions divided by entry notional; funding/slippage unknown; adds mismatch prevents causal good-entry label,UNKNOWN_INCOMPLETE_EARLY_PATH,UNKNOWN_WITHOUT_COMPLETE_EXECUTABLE_COST_PATH
trade_cycle_USELESSUSDT_SHORT_4bdd25c2-f75c-4eb8-80c9-86e752a80f02,USELESSUSDT,USDT,SHORT,1790734473414,1791144346723,113.85369694444445,UNKNOWN,PARTIAL,False,False,False,,,,,,0.2374,15,3,NO_PREDICATE,1,airun_muu7ldhm_np2munte,False,,,,,4.196391103648001,0,,,LOW_VOLATILITY,,0.3358522250210236,,Known actual full-cycle commissions divided by entry notional; funding/slippage unknown; adds mismatch prevents causal good-entry label,UNKNOWN_INCOMPLETE_EARLY_PATH,UNKNOWN_WITHOUT_COMPLETE_EXECUTABLE_COST_PATH
trade_cycle_entry_intent_muu7f9hk_lb5tt78f,ONDOUSDT,USDT,SHORT,1791141552829,1791151157228,2.667888611111111,UNKNOWN,PARTIAL,False,False,False,,,,,,0.4927,15,3,NO_PREDICATE,1,airun_muu7d4fk_9kfk7psb,False,,,,,-16.37821334356193,0,,,LOW_VOLATILITY,,0.3035208417644457,,Known actual full-cycle commissions divided by entry notional; funding/slippage unknown; adds mismatch prevents causal good-entry label,UNKNOWN_INCOMPLETE_EARLY_PATH,UNKNOWN_WITHOUT_COMPLETE_EXECUTABLE_COST_PATH
trade_cycle_entry_intent_muu6og8s_ja1rz8ek,BRUSDT,USDT,SHORT,1791140319242,1791142041351,0.4783636111111111,UNKNOWN,PARTIAL,False,False,False,1.78112,0.18200189,,1.59911811,,0.44873,15,3,NO_PREDICATE,1,airun_muu6mamu_d3iv1tv5,False,,,,,-7.108425705846244,0,,,LOW_VOLATILITY,,0.3906856977957545,,Known actual full-cycle commissions divided by entry notional; funding/slippage unknown; adds mismatch prevents causal good-entry label,UNKNOWN_INCOMPLETE_EARLY_PATH,UNKNOWN_WITHOUT_COMPLETE_EXECUTABLE_COST_PATH
trade_cycle_BNBUSDC_LONG_718d5113-55d4-4a2c-965d-d270b8b91cd0,BNBUSDC,USDC,LONG,1790734249626,1791148208380,114.98854277777778,UNKNOWN,PARTIAL,False,False,False,6.2656,0.50113948,,5.76446052,,790.37,240,3,NO_PREDICATE,1,airun_muu38a0v_z1dmacjm,False,,,,,-1.4586718853792924,1,,,LOW_VOLATILITY,,0.15332758882866138,,Known actual full-cycle commissions divided by entry notional; funding/slippage unknown; adds mismatch prevents causal good-entry label,UNKNOWN_INCOMPLETE_EARLY_PATH,UNKNOWN_WITHOUT_COMPLETE_EXECUTABLE_COST_PATH
trade_cycle_entry_intent_muu288ep_kw8r3p7z,LTCUSDT,USDT,LONG,1791132839654,1791134812272,0.5479494444444445,UNKNOWN,PARTIAL,False,False,False,1.706,0.24324096999999983,,1.4627590300000002,,71.39,60,3,NO_PREDICATE,1,airun_muu2623q_gjy35kgd,False,,,,,-2.8085942985611734,0,,,LOW_VOLATILITY,,0.28093833403576324,,Known actual full-cycle commissions divided by entry notional; funding/slippage unknown; adds mismatch prevents causal good-entry label,UNKNOWN_INCOMPLETE_EARLY_PATH,UNKNOWN_WITHOUT_COMPLETE_EXECUTABLE_COST_PATH
trade_cycle_entry_intent_muu1xhlo_g44bgmqp,BCHUSDT,USDT,SHORT,1791132330551,1791145895831,3.768133333333333,UNKNOWN,PARTIAL,False,False,False,3.7992,0.79968069,,2.9995193099999997,,315.43,60,3,NO_PREDICATE,1,airun_muu1vb3a_at85jq3f,False,,,,,-4.188519432541948,0,,,LOW_VOLATILITY,,0.18985539347531016,,Known actual full-cycle commissions divided by entry notional; funding/slippage unknown; adds mismatch prevents causal good-entry label,UNKNOWN_INCOMPLETE_EARLY_PATH,UNKNOWN_WITHOUT_COMPLETE_EXECUTABLE_COST_PATH
trade_cycle_ONDOUSDT_LONG_bd461581-5922-444d-ae14-9402a258f3f8,ONDOUSDT,USDT,LONG,1790734493181,1791152312423,116.06090055555556,UNKNOWN,PARTIAL,False,False,False,4.6206,0.35378291000000006,,4.26681709,,0.4957,60,3,NO_PREDICATE,1,airun_muu0yqkw_nq9532ok,False,,,,,-2.220446049250313e-12,0,,,LOW_VOLATILITY,,0.3035208417644906,,Known actual full-cycle commissions divided by entry notional; funding/slippage unknown; adds mismatch prevents causal good-entry label,UNKNOWN_INCOMPLETE_EARLY_PATH,UNKNOWN_WITHOUT_COMPLETE_EXECUTABLE_COST_PATH
trade_cycle_entry_intent_mutznc3c_tr9r9vuo,VVVUSDT,USDT,SHORT,1791128488365,1791210862421,22.88168222222222,UNKNOWN,PARTIAL,False,False,False,6.57096,0.51339694,,6.05756306,,27.738,15,3,NO_PREDICATE,3,airun_mutzl8g4_3yzjarlu,False,,,,,-14.621810813058023,0,,,LOW_VOLATILITY,,0.2947519769949703,,Known actual full-cycle commissions divided by entry notional; funding/slippage unknown; adds mismatch prevents causal good-entry label,UNKNOWN_INCOMPLETE_EARLY_PATH,UNKNOWN_WITHOUT_COMPLETE_EXECUTABLE_COST_PATH
trade_cycle_entry_intent_mutzbq6k_i717b0k3,SOLUSDT,USDT,LONG,1791127957174,1791152417346,6.794492222222222,UNKNOWN,PARTIAL,False,False,False,,,,,,122.18,15,3,NO_PREDICATE,3,airun_mutz9mn9_fzeu5e85,False,,,,,-13.951579811241066,0,,,LOW_VOLATILITY,,0.41091387245232225,,Known actual full-cycle commissions divided by entry notional; funding/slippage unknown; adds mismatch prevents causal good-entry label,UNKNOWN_INCOMPLETE_EARLY_PATH,UNKNOWN_WITHOUT_COMPLETE_EXECUTABLE_COST_PATH
trade_cycle_entry_intent_mutyt2b5_m9p05pnm,ETHFIUSDC,USDC,LONG,1791127084971,1791128122982,0.2883363888888889,UNKNOWN,PARTIAL,False,False,False,,,,,,0.755,15,3,NO_PREDICATE,1,airun_mutyqzcu_fk36vx6r,False,,,,,-3.9835347231453877,0,,,LOW_VOLATILITY,,0.2922422954304053,,Known actual full-cycle commissions divided by entry notional; funding/slippage unknown; adds mismatch prevents causal good-entry label,UNKNOWN_INCOMPLETE_EARLY_PATH,UNKNOWN_WITHOUT_COMPLETE_EXECUTABLE_COST_PATH
trade_cycle_entry_intent_mutx8b5u_22stho1c,DASHUSDT,USDT,SHORT,1791124442677,1791210783438,23.983544722222224,UNKNOWN,PARTIAL,False,False,False,9.16244999,0.79944068,,8.36300931,,58.82,60,3,NO_PREDICATE,2,airun_mutx670t_oiq8oo02,False,,,,,-15.850387565432555,0,,,LOW_VOLATILITY,,0.3557513128917514,,Known actual full-cycle commissions divided by entry notional; funding/slippage unknown; adds mismatch prevents causal good-entry label,UNKNOWN_INCOMPLETE_EARLY_PATH,UNKNOWN_WITHOUT_COMPLETE_EXECUTABLE_COST_PATH
trade_cycle_entry_intent_mutx5noc_0dd89zm7,HYPEUSDT,USDT,SHORT,1791124311730,1791131150594,1.8996844444444445,UNKNOWN,PARTIAL,False,False,False,2.6266799999999995,0.39980287000000003,,2.226877129999999,,89.685,60,3,NO_PREDICATE,1,airun_mutx3fh4_tgpko9mt,False,,,,,-7.383207988784779,0,,,LOW_VOLATILITY,,0.26245259727983916,,Known actual full-cycle commissions divided by entry notional; funding/slippage unknown; adds mismatch prevents causal good-entry label,UNKNOWN_INCOMPLETE_EARLY_PATH,UNKNOWN_WITHOUT_COMPLETE_EXECUTABLE_COST_PATH
trade_cycle_entry_intent_mutvpjvl_zxt3jqee,AAVEUSDT,USDT,SHORT,1791121890717,1791122643249,0.20903666666666668,UNKNOWN,PARTIAL,False,False,False,7.162,0.60209959,,6.55990041,,178.77,60,3,NO_PREDICATE,1,airun_mutvndki_o7vuqul6,False,,,,,-31.98095770002851,1,,,LOW_VOLATILITY,,0.4746724283053577,,Known actual full-cycle commissions divided by entry notional; funding/slippage unknown; adds mismatch prevents causal good-entry label,UNKNOWN_INCOMPLETE_EARLY_PATH,UNKNOWN_WITHOUT_COMPLETE_EXECUTABLE_COST_PATH
trade_cycle_entry_intent_mutv6ffd_3thrft32,ZECUSDT,USDT,SHORT,1791120986135,1791129750398,2.4345175,UNKNOWN,PARTIAL,False,False,False,,,,,,1323.58,15,3,NO_PREDICATE,3,airun_mutv4agr_cloykel1,False,,,,,11.12890733681593,0,,,LOW_VOLATILITY,,0.3620924577871569,,Known actual full-cycle commissions divided by entry notional; funding/slippage unknown; adds mismatch prevents causal good-entry label,UNKNOWN_INCOMPLETE_EARLY_PATH,UNKNOWN_WITHOUT_COMPLETE_EXECUTABLE_COST_PATH
trade_cycle_entry_intent_mutsryg4_0jy53n6k,PENGUUSDT,USDT,SHORT,1791116952636,1791121494145,1.2615302777777777,UNKNOWN,PARTIAL,False,False,False,2.396409,0.3083015500000001,,2.08810745,,0.009195,240,3,NO_PREDICATE,2,airun_mutsptn5_ky0gbm8h,False,,,,,-12.415547244988279,0,,,LOW_VOLATILITY,,0.31439722463133485,,Known actual full-cycle commissions divided by entry notional; funding/slippage unknown; adds mismatch prevents causal good-entry label,UNKNOWN_INCOMPLETE_EARLY_PATH,UNKNOWN_WITHOUT_COMPLETE_EXECUTABLE_COST_PATH
trade_cycle_entry_intent_muts1f5c_8m3wl3e3,BCHUSDT,USDT,LONG,1791115711510,1791155837131,11.146005833333334,UNKNOWN,PARTIAL,False,False,False,17.62751,1.76406455,,15.86344545,,319.48,240,3,NO_PREDICATE,3,airun_mutrz8ww_7uxf1pfi,False,,,,,-8.467134972403034,0,,,LOW_VOLATILITY,,0.27306110919305876,,Known actual full-cycle commissions divided by entry notional; funding/slippage unknown; adds mismatch prevents causal good-entry label,UNKNOWN_INCOMPLETE_EARLY_PATH,UNKNOWN_WITHOUT_COMPLETE_EXECUTABLE_COST_PATH
trade_cycle_entry_intent_mutrhb87_pe6zgjq0,AAVEUSDT,USDT,SHORT,1791114812632,1791115517280,0.19573555555555555,UNKNOWN,PARTIAL,False,False,False,,,,,,179.64,15,3,NO_PREDICATE,1,airun_mutrf21o_lkmbslxk,False,,,,,-21.225037093854926,0,,,LOW_VOLATILITY,,0.3660565723793816,,Known actual full-cycle commissions divided by entry notional; funding/slippage unknown; adds mismatch prevents causal good-entry label,UNKNOWN_INCOMPLETE_EARLY_PATH,UNKNOWN_WITHOUT_COMPLETE_EXECUTABLE_COST_PATH
trade_cycle_entry_intent_mutren0u_y76qbq4q,ZECUSDT,USDT,LONG,1791114663210,1791132605527,4.983976944444445,UNKNOWN,PARTIAL,False,False,False,2.41392,0.401383,,2.0125370000000005,,1335.99,15,3,NO_PREDICATE,1,airun_mutrcgw4_x7zz0nat,False,,,,,5.855855855856351,1,,,LOW_VOLATILITY,,0.24084995273038584,,Known actual full-cycle commissions divided by entry notional; funding/slippage unknown; adds mismatch prevents causal good-entry label,UNKNOWN_INCOMPLETE_EARLY_PATH,UNKNOWN_WITHOUT_COMPLETE_EXECUTABLE_COST_PATH
trade_cycle_entry_intent_mutr32jh_3mmcjfoh,NEARUSDT,USDT,LONG,1791114116876,1791115644351,0.4242986111111111,UNKNOWN,PARTIAL,False,False,False,5.356,0.4036776,,4.9523224,,4.912,60,3,NO_PREDICATE,1,airun_mutr120l_qcmkjuk2,False,,,,,-33.45300261096584,0,,,LOW_VOLATILITY,,0.5321326238231642,,Known actual full-cycle commissions divided by entry notional; funding/slippage unknown; adds mismatch prevents causal good-entry label,UNKNOWN_INCOMPLETE_EARLY_PATH,UNKNOWN_WITHOUT_COMPLETE_EXECUTABLE_COST_PATH
trade_cycle_entry_intent_mutr0ehz_6mok8phg,SOLUSDT,USDT,LONG,1791113992821,1791120699836,1.8630597222222223,UNKNOWN,PARTIAL,False,False,False,4.135,0.4017566,,3.7332433999999997,,121.7,60,3,NO_PREDICATE,1,airun_mutqy77w_m02sm5k0,False,,,,,-21.406224271363072,0,,,LOW_VOLATILITY,,0.41254125412540077,,Known actual full-cycle commissions divided by entry notional; funding/slippage unknown; adds mismatch prevents causal good-entry label,UNKNOWN_INCOMPLETE_EARLY_PATH,UNKNOWN_WITHOUT_COMPLETE_EXECUTABLE_COST_PATH
trade_cycle_entry_intent_mutqxhav_x0lgjwhh,ETHUSDT,USDT,LONG,1791113920884,1791152010530,10.580457222222222,UNKNOWN,PARTIAL,False,False,False,34.23968,3.04970965,,31.189970350000003,,2707.09,240,3,NO_PREDICATE,4,airun_mutqvab2_zm16beyc,False,,,,,0,0,,,LOW_VOLATILITY,,0.15946543928843432,,Known actual full-cycle commissions divided by entry notional; funding/slippage unknown; adds mismatch prevents causal good-entry label,UNKNOWN_INCOMPLETE_EARLY_PATH,UNKNOWN_WITHOUT_COMPLETE_EXECUTABLE_COST_PATH
trade_cycle_entry_intent_murqvsny_1stqisfp,ZROUSDT,USDT,LONG,1790992845929,1791026179756,9.25939638888889,UNKNOWN,PARTIAL,False,False,False,,,,,,1.7851,60,1,CLOSED_BAR_BREAKS_LEVEL,1,airun_murqusxo_h2ykgm4j,False,,,,,-0.563697857950407,0,,,LOW_VOLATILITY,,0.6313771914989753,,Known actual full-cycle commissions divided by entry notional; funding/slippage unknown; adds mismatch prevents causal good-entry label,UNKNOWN_INCOMPLETE_EARLY_PATH,UNKNOWN_WITHOUT_COMPLETE_EXECUTABLE_COST_PATH
trade_cycle_entry_intent_muqslzde_yim5kj9g,ARBUSDT,USDT,LONG,1790935367447,1790946263143,3.0265822222222223,UNKNOWN,PARTIAL,False,False,False,1.35926,0.08042935000000001,,1.27883065,,0.2078,60,1,CLOSED_BAR_BREAKS_LEVEL,1,airun_muqskxi5_du3x2j8f,False,,,,,0,0,,,LOW_VOLATILITY,,0.6782945736434168,,Known actual full-cycle commissions divided by entry notional; funding/slippage unknown; adds mismatch prevents causal good-entry label,UNKNOWN_INCOMPLETE_EARLY_PATH,UNKNOWN_WITHOUT_COMPLETE_EXECUTABLE_COST_PATH
trade_cycle_entry_intent_muqppx8c_tjvomscs,PENGUUSDT,USDT,LONG,1790930855773,1791140518526,58.23965361111111,UNKNOWN,PARTIAL,False,False,False,,,,,,0.01011,15,1,CLOSED_BAR_BREAKS_LEVEL,3,airun_muqpotnm_dimcf7gr,False,,,,,0,0,,,RISK_ON,,0.6370694803902033,,Known actual full-cycle commissions divided by entry notional; funding/slippage unknown; adds mismatch prevents causal good-entry label,UNKNOWN_INCOMPLETE_EARLY_PATH,UNKNOWN_WITHOUT_COMPLETE_EXECUTABLE_COST_PATH
trade_cycle_entry_intent_muqmxlru_gy3dft77,ARBUSDT,USDT,LONG,1790926222691,1790929072371,0.7915777777777778,UNKNOWN,PARTIAL,False,False,False,1.4685,0.08033673999999999,,1.3881632599999998,,0.2059,15,1,CLOSED_BAR_BREAKS_LEVEL,1,airun_muqmwhys_oly8xqen,False,,,,,-4.889975550121939,0,,,LOW_VOLATILITY,,0.7338551859099811,,Known actual full-cycle commissions divided by entry notional; funding/slippage unknown; adds mismatch prevents causal good-entry label,UNKNOWN_INCOMPLETE_EARLY_PATH,UNKNOWN_WITHOUT_COMPLETE_EXECUTABLE_COST_PATH
trade_cycle_BCHUSDT_LONG_becbaf6b-ed27-4657-9532-2c0bf531ea4a,BCHUSDT,USDT,LONG,1790734096709,1790929426781,54.25835333333333,UNKNOWN,PARTIAL,False,False,False,1.13386,0.08031549,,1.05354451,,316.28,60,1,CLOSED_BAR_BREAKS_LEVEL,1,airun_muqlhjws_i7obtumj,False,,,,,3.819223424570417,0,,,RISK_ON,,0.6235683379994844,,Known actual full-cycle commissions divided by entry notional; funding/slippage unknown; adds mismatch prevents causal good-entry label,UNKNOWN_INCOMPLETE_EARLY_PATH,UNKNOWN_WITHOUT_COMPLETE_EXECUTABLE_COST_PATH
trade_cycle_entry_intent_muqe8rgx_g31do5bf,WIFUSDT,USDT,LONG,1790911163440,1790913418119,0.6262997222222222,UNKNOWN,PARTIAL,False,False,False,1.88616,0.08047595999999999,,1.80568404,,0.2572,60,1,CLOSED_BAR_BREAKS_LEVEL,1,airun_muqe7ohg_iwudb3t3,False,,,,,-2.220446049250313e-12,0,,,LOW_VOLATILITY,,0.9419152276295186,,Known actual full-cycle commissions divided by entry notional; funding/slippage unknown; adds mismatch prevents causal good-entry label,UNKNOWN_INCOMPLETE_EARLY_PATH,UNKNOWN_WITHOUT_COMPLETE_EXECUTABLE_COST_PATH
trade_cycle_entry_intent_muq6sc89_znx6cjij,NEARUSDT,USDT,SHORT,1790898627354,1790964423111,18.276599166666667,UNKNOWN,PARTIAL,False,False,False,2.058,0.0801948,,1.9778052,,4.749,15,1,CLOSED_BAR_BREAKS_LEVEL,1,airun_muq6ra4g_hms1eboo,False,,,,,-10.431879824746026,0,,,LOW_VOLATILITY,,1.0212588578574666,,Known actual full-cycle commissions divided by entry notional; funding/slippage unknown; adds mismatch prevents causal good-entry label,UNKNOWN_INCOMPLETE_EARLY_PATH,UNKNOWN_WITHOUT_COMPLETE_EXECUTABLE_COST_PATH
trade_cycle_entry_intent_mupylaiu_qm1b66ex,AAVEUSDT,USDT,LONG,1790884862913,1790885420574,0.15490583333333333,UNKNOWN,PARTIAL,False,False,False,1.44,0.081552,,1.3584479999999999,,170.5,60,1,CLOSED_BAR_BREAKS_LEVEL,1,airun_mupyk9xw_vkr4mntc,False,,,,,0.5907023450890669,0,,,RISK_ON,,0.70880094506792,,Known actual full-cycle commissions divided by entry notional; funding/slippage unknown; adds mismatch prevents causal good-entry label,UNKNOWN_INCOMPLETE_EARLY_PATH,UNKNOWN_WITHOUT_COMPLETE_EXECUTABLE_COST_PATH
trade_cycle_entry_intent_mupwgx2p_ceek5n71,ZECUSDT,USDT,SHORT,1790881324046,1790882305103,0.27251583333333335,UNKNOWN,PARTIAL,False,False,False,2.8605,0.07977210000000001,,2.7807279,,1320,60,1,CLOSED_BAR_BREAKS_LEVEL,1,airun_mupwfugv_o92x5kfa,False,,,,,1.866618881223303,0,,,RISK_ON,,1.4241227120314799,,Known actual full-cycle commissions divided by entry notional; funding/slippage unknown; adds mismatch prevents causal good-entry label,UNKNOWN_INCOMPLETE_EARLY_PATH,UNKNOWN_WITHOUT_COMPLETE_EXECUTABLE_COST_PATH
trade_cycle_entry_intent_mupeeoo9_6mgqagjw,XRPUSDC,USDC,SHORT,1790850965604,1790860447752,2.63393,UNKNOWN,PARTIAL,False,False,False,0.02278,0.00181366,,0.02096634,,1.4786,15,1,NO_PREDICATE,1,airun_mupecwt5_uh5tr3ce,False,,,,,0.6733099919198349,0,,,LOW_VOLATILITY,,0.43768096424484354,,Known actual full-cycle commissions divided by entry notional; funding/slippage unknown; adds mismatch prevents causal good-entry label,UNKNOWN_INCOMPLETE_EARLY_PATH,UNKNOWN_WITHOUT_COMPLETE_EXECUTABLE_COST_PATH
trade_cycle_entry_intent_mupe1rv3_x6sjdc46,SOLUSDT,USDT,SHORT,1790850701375,1791036905485,51.72336388888889,UNKNOWN,PARTIAL,False,False,False,0.048,0.0023396,,0.045660400000000004,,116.5,60,1,NO_PREDICATE,1,airun_mupe010k_6v3i6wbd,False,,,,,0,0,,,LOW_VOLATILITY,,0.8172995062148765,,Known actual full-cycle commissions divided by entry notional; funding/slippage unknown; adds mismatch prevents causal good-entry label,UNKNOWN_INCOMPLETE_EARLY_PATH,UNKNOWN_WITHOUT_COMPLETE_EXECUTABLE_COST_PATH
trade_cycle_entry_intent_mupdpbyg_0igv6fji,INJUSDT,USDT,SHORT,1790849771355,1790873650366,6.633058611111111,UNKNOWN,PARTIAL,False,False,False,0.0238,0.00207004,,0.02172996,,7.35,15,1,NO_PREDICATE,1,airun_mupdnlkb_oavyov2c,False,,,,,-5.401026194975511,0,,,LOW_VOLATILITY,,0.8097165991902782,,Known actual full-cycle commissions divided by entry notional; funding/slippage unknown; adds mismatch prevents causal good-entry label,UNKNOWN_INCOMPLETE_EARLY_PATH,UNKNOWN_WITHOUT_COMPLETE_EXECUTABLE_COST_PATH
trade_cycle_entry_intent_mupc9oh4_4w3uhfrr,VVVUSDT,USDT,LONG,1790847402860,1790921033419,20.452933055555555,UNKNOWN,PARTIAL,False,False,False,0.04068,0.0020330599999999997,,0.038646940000000005,,28.35,60,1,NO_PREDICATE,1,airun_mupc7vqb_qfdjmtyj,False,,,,,-13.847956538721728,0,,,LOW_VOLATILITY,,0.8035841274356516,,Known actual full-cycle commissions divided by entry notional; funding/slippage unknown; adds mismatch prevents causal good-entry label,UNKNOWN_INCOMPLETE_EARLY_PATH,UNKNOWN_WITHOUT_COMPLETE_EXECUTABLE_COST_PATH
trade_cycle_entry_intent_mup8vd7v_0ajc6tge,SUIUSDC,USDC,SHORT,1790841655489,1790866117158,6.794908055555555,UNKNOWN,PARTIAL,False,False,False,0.18612,0.00544791,,0.18067209,,1.135,60,1,CLOSED_BAR_BREAKS_LEVEL,3,airun_mup8ti33_q9q6qy16,False,,,,,12.21107719145298,0,,,RISK_ON,,0.8820190376386339,,Known actual full-cycle commissions divided by entry notional; funding/slippage unknown; adds mismatch prevents causal good-entry label,UNKNOWN_INCOMPLETE_EARLY_PATH,UNKNOWN_WITHOUT_COMPLETE_EXECUTABLE_COST_PATH
trade_cycle_entry_intent_mup6lq0z_twl1dbvm,TAOUSDT,USDT,LONG,1790838125992,1790930180535,25.57070638888889,UNKNOWN,PARTIAL,False,False,False,0.04896,0.0021219999999999998,,0.046838,,313.5,60,1,NO_PREDICATE,1,airun_mup6jz4l_xhnhx3b7,False,,,,,-12.218649517684588,0,,,LOW_VOLATILITY,,0.9271779022599947,,Known actual full-cycle commissions divided by entry notional; funding/slippage unknown; adds mismatch prevents causal good-entry label,UNKNOWN_INCOMPLETE_EARLY_PATH,UNKNOWN_WITHOUT_COMPLETE_EXECUTABLE_COST_PATH
trade_cycle_entry_intent_mup6qos1_mo9u9umx,NEARUSDT,USDT,LONG,1790838085513,1791087942700,69.40477416666667,UNKNOWN,PARTIAL,False,False,False,-0.673,0.0030026000000000002,,-0.6760026000000001,,5.475,15,1,NO_PREDICATE,1,airun_mup6owth_zj4nqwcm,False,,,,,-3.6663611365717053,0,,,LOW_VOLATILITY,,0.40344764349897955,,Known actual full-cycle commissions divided by entry notional; funding/slippage unknown; adds mismatch prevents causal good-entry label,UNKNOWN_INCOMPLETE_EARLY_PATH,UNKNOWN_WITHOUT_COMPLETE_EXECUTABLE_COST_PATH
trade_cycle_entry_intent_mup6en2k_2skcdy0d,ETHFIUSDT,USDT,LONG,1790837681275,1791087933255,69.51443888888889,UNKNOWN,PARTIAL,False,False,False,-0.3302,0,,-0.3302,,0.783,60,1,NO_PREDICATE,1,airun_mup6cum4_uql5ilh7,False,,,,,0,0,,,LOW_VOLATILITY,,0.4618937644341863,,Known actual full-cycle commissions divided by entry notional; funding/slippage unknown; adds mismatch prevents causal good-entry label,UNKNOWN_INCOMPLETE_EARLY_PATH,UNKNOWN_WITHOUT_COMPLETE_EXECUTABLE_COST_PATH
trade_cycle_entry_intent_mup62ee7_pywukx3t,VIRTUALUSDT,USDT,LONG,1790836954235,1790930306653,25.931227222222223,UNKNOWN,PARTIAL,False,False,False,0.02318,0.0020193399999999997,,0.021160659999999998,,0.835,60,1,CLOSED_BAR_BREAKS_LEVEL,1,airun_mup60mid_81aavvac,False,,,,,8.484848484848762,0,,,LOW_VOLATILITY,,1.126317064309068,,Known actual full-cycle commissions divided by entry notional; funding/slippage unknown; adds mismatch prevents causal good-entry label,UNKNOWN_INCOMPLETE_EARLY_PATH,UNKNOWN_WITHOUT_COMPLETE_EXECUTABLE_COST_PATH
trade_cycle_entry_intent_mup5vegg_gcgfivc0,ARBUSDT,USDT,LONG,1790836624650,1790915505091,21.91123361111111,UNKNOWN,PARTIAL,False,False,False,0.03904,0.00201738,,0.03702262,,0.2075,60,1,NO_PREDICATE,1,airun_mup5tmjy_6lmfjgtd,False,,,,,19.46472019464851,0,,,LOW_VOLATILITY,,0.7770762506070861,,Known actual full-cycle commissions divided by entry notional; funding/slippage unknown; adds mismatch prevents causal good-entry label,UNKNOWN_INCOMPLETE_EARLY_PATH,UNKNOWN_WITHOUT_COMPLETE_EXECUTABLE_COST_PATH
trade_cycle_entry_intent_mup5m47x_bgl3ojhx,INJUSDT,USDT,LONG,1790836252095,1790993767690,43.754331944444445,UNKNOWN,PARTIAL,False,False,False,0.22260000000000002,0.00429044,,0.21830956,,7.72,60,1,CLOSED_BAR_BREAKS_LEVEL,2,airun_mup5kdh5_grdhydbj,False,,,,,-5.220569042024836,0,,,LOW_VOLATILITY,,0.8096108644554633,,Known actual full-cycle commissions divided by entry notional; funding/slippage unknown; adds mismatch prevents causal good-entry label,UNKNOWN_INCOMPLETE_EARLY_PATH,UNKNOWN_WITHOUT_COMPLETE_EXECUTABLE_COST_PATH
trade_cycle_entry_intent_mup4nuvf_kpn1iyxf,ARBUSDC,USDC,LONG,1790834908158,1791087926968,70.28300277777778,UNKNOWN,PARTIAL,False,False,False,-0.13552,0.00082979,,-0.13634979,,0.21,60,1,NO_PREDICATE,1,airun_mup4m3mo_0oksy441,False,,,,,0,0,,,LOW_VOLATILITY,,1.3024602026049108,,Known actual full-cycle commissions divided by entry notional; funding/slippage unknown; adds mismatch prevents causal good-entry label,UNKNOWN_INCOMPLETE_EARLY_PATH,UNKNOWN_WITHOUT_COMPLETE_EXECUTABLE_COST_PATH
trade_cycle_entry_intent_mup49yw8_wm3ocutf,ZROUSDT,USDT,LONG,1790833935496,1790871337335,10.389399722222223,UNKNOWN,PARTIAL,False,False,False,0.0384,0.00207431,,0.036325689999999994,,1.735,60,1,NO_PREDICATE,1,airun_mup487ax_b973p6wr,False,,,,,-10.440835266821713,0,,,LOW_VOLATILITY,,0.7432353965857708,,Known actual full-cycle commissions divided by entry notional; funding/slippage unknown; adds mismatch prevents causal good-entry label,UNKNOWN_INCOMPLETE_EARLY_PATH,UNKNOWN_WITHOUT_COMPLETE_EXECUTABLE_COST_PATH
trade_cycle_entry_intent_mup3r27w_xxnnj18n,OPUSDT,USDT,LONG,1790833433452,1790915103969,22.686254722222223,UNKNOWN,PARTIAL,False,False,False,0.09268999000000001,0.00602911,,0.08666088000000002,,0.1335,60,1,NO_PREDICATE,3,airun_mup3pc96_j0anfih4,False,,,,,0,0,,,LOW_VOLATILITY,,1.443768996960496,,Known actual full-cycle commissions divided by entry notional; funding/slippage unknown; adds mismatch prevents causal good-entry label,UNKNOWN_INCOMPLETE_EARLY_PATH,UNKNOWN_WITHOUT_COMPLETE_EXECUTABLE_COST_PATH
trade_cycle_SOLUSDT_LONG_6f9a2f03-ebc6-476d-88c2-9f61b092a6cc,SOLUSDT,USDT,LONG,1790734138133,1790906820245,47.96725333333333,UNKNOWN,PARTIAL,False,False,False,0.0545,0.0047770899999999995,,0.04972291,,119.45,15,1,CLOSED_BAR_BREAKS_LEVEL,2,airun_mup3dg11_gb52yrij,False,,,,,0,0,,,LOW_VOLATILITY,,0.2770315648085949,,Known actual full-cycle commissions divided by entry notional; funding/slippage unknown; adds mismatch prevents causal good-entry label,UNKNOWN_INCOMPLETE_EARLY_PATH,UNKNOWN_WITHOUT_COMPLETE_EXECUTABLE_COST_PATH
trade_cycle_HBARUSDT_LONG_b44eeb73-0df1-4774-86e0-fb45bdf35cb4,HBARUSDT,USDT,LONG,1790734236058,1791087938061,98.2505563888889,UNKNOWN,PARTIAL,False,False,False,-0.25333,0.0029045,,-0.2562345,,0.1075,60,1,NO_PREDICATE,1,airun_mup2aro9_olfm06rw,False,,,,,0,0,,,LOW_VOLATILITY,,0.853738624636452,,Known actual full-cycle commissions divided by entry notional; funding/slippage unknown; adds mismatch prevents causal good-entry label,UNKNOWN_INCOMPLETE_EARLY_PATH,UNKNOWN_WITHOUT_COMPLETE_EXECUTABLE_COST_PATH
trade_cycle_entry_intent_mup25k2o_dzamkfbi,ETHUSDT,USDT,LONG,1790830373572,1790910090948,22.143715555555556,UNKNOWN,PARTIAL,False,False,False,0.19504,0.01737532,,0.17766468,,2717.6,60,1,NO_PREDICATE,2,airun_mup23roo_hjewqv48,False,,,,,0,0,,,LOW_VOLATILITY,,0.4509499519479492,,Known actual full-cycle commissions divided by entry notional; funding/slippage unknown; adds mismatch prevents causal good-entry label,UNKNOWN_INCOMPLETE_EARLY_PATH,UNKNOWN_WITHOUT_COMPLETE_EXECUTABLE_COST_PATH
trade_cycle_entry_intent_mup0o6xz_hyy80lw1,TIAUSDC,USDC,LONG,1790827879742,1790921534168,26.015118333333334,UNKNOWN,PARTIAL,False,False,False,0.1641,0,,0.1641,,0.4585,60,1,NO_PREDICATE,2,airun_mup0meg7_zn0h9kcu,False,,,,,2.200220022003929,0,,,LOW_VOLATILITY,,0.8578970523537085,,Known actual full-cycle commissions divided by entry notional; funding/slippage unknown; adds mismatch prevents causal good-entry label,UNKNOWN_INCOMPLETE_EARLY_PATH,UNKNOWN_WITHOUT_COMPLETE_EXECUTABLE_COST_PATH
trade_cycle_entry_intent_mup02pou_mt7l9b7v,SUIUSDC,USDC,LONG,1790826950630,1790875900185,13.597098611111111,UNKNOWN,PARTIAL,False,False,False,0.04558,0.0036497099999999996,,0.04193029,,1.182,15,1,NO_PREDICATE,2,airun_mup0104j_4iusjzjz,False,,,,,-10.204081632652073,0,,,LOW_VOLATILITY,,0.6128702757916132,,Known actual full-cycle commissions divided by entry notional; funding/slippage unknown; adds mismatch prevents causal good-entry label,UNKNOWN_INCOMPLETE_EARLY_PATH,UNKNOWN_WITHOUT_COMPLETE_EXECUTABLE_COST_PATH
trade_cycle_entry_intent_muoz4iad_c0doamlw,WIFUSDT,USDT,LONG,1790825332659,1790862317373,10.273531666666667,UNKNOWN,PARTIAL,False,False,False,0.10452,0.00402963,,0.10049037000000001,,0.2515,15,1,NO_PREDICATE,2,airun_muoz2qet_foy216o4,False,,,,,0,0,,,LOW_VOLATILITY,,0.8420208500400925,,Known actual full-cycle commissions divided by entry notional; funding/slippage unknown; adds mismatch prevents causal good-entry label,UNKNOWN_INCOMPLETE_EARLY_PATH,UNKNOWN_WITHOUT_COMPLETE_EXECUTABLE_COST_PATH
trade_cycle_HBARUSDT_SHORT_f872a779-f4e8-4efb-8d61-8fddecaee997,HBARUSDT,USDT,SHORT,1790734539255,1790866396838,36.62710638888889,UNKNOWN,PARTIAL,False,False,False,0.02303,0.0020343699999999998,,0.020995629999999998,,0.10345,15,1,NO_PREDICATE,1,airun_muowz2t2_pnafykcm,False,,,,,-7.696007696005314,0,,,LOW_VOLATILITY,,0.5575314813034542,,Known actual full-cycle commissions divided by entry notional; funding/slippage unknown; adds mismatch prevents causal good-entry label,UNKNOWN_INCOMPLETE_EARLY_PATH,UNKNOWN_WITHOUT_COMPLETE_EXECUTABLE_COST_PATH
trade_cycle_entry_intent_muot7sbi_i7mzldgm,WLDUSDC,USDC,LONG,1790815901546,1790933866651,32.76808472222222,UNKNOWN,PARTIAL,False,False,False,0.02325,0.00181812,,0.02143188,,0.545,15,1,NO_PREDICATE,1,airun_muot62kx_x952lz52,False,,,,,-3.690036900371174,0,,,LOW_VOLATILITY,,0.5906238464378168,,Known actual full-cycle commissions divided by entry notional; funding/slippage unknown; adds mismatch prevents causal good-entry label,UNKNOWN_INCOMPLETE_EARLY_PATH,UNKNOWN_WITHOUT_COMPLETE_EXECUTABLE_COST_PATH
trade_cycle_entry_intent_muotizrv_6ktud80z,FILUSDT,USDT,LONG,1790815887614,1790997916517,50.563584166666665,UNKNOWN,PARTIAL,False,False,False,0.08255999,0.0060764,,0.07648359,,1.055,60,1,NO_PREDICATE,3,airun_muothcqb_t9lhvem3,False,,,,,-4.773269689739568,0,,,LOW_VOLATILITY,,0.7640878701050628,,Known actual full-cycle commissions divided by entry notional; funding/slippage unknown; adds mismatch prevents causal good-entry label,UNKNOWN_INCOMPLETE_EARLY_PATH,UNKNOWN_WITHOUT_COMPLETE_EXECUTABLE_COST_PATH
trade_cycle_entry_intent_muopuk4l_xmbpj2zo,OPUSDT,USDT,SHORT,1790810580511,1790860558492,13.8827725,UNKNOWN,PARTIAL,False,False,False,0.14685999,0.00397784,,0.14288215,,0.1277,60,1,CLOSED_BAR_BREAKS_LEVEL,2,airun_muopsv6n_wju8j0jn,False,,,,,15.396458814470604,0,,,LOW_VOLATILITY,,1.5420200462606026,,Known actual full-cycle commissions divided by entry notional; funding/slippage unknown; adds mismatch prevents causal good-entry label,UNKNOWN_INCOMPLETE_EARLY_PATH,UNKNOWN_WITHOUT_COMPLETE_EXECUTABLE_COST_PATH
trade_cycle_entry_intent_muoq16a6_wgjni7kr,BCHUSDT,USDT,SHORT,1790810010072,1790873957220,17.763096666666666,UNKNOWN,PARTIAL,False,False,False,0.09401,0.00830498,,0.08570502,,304.5,60,1,NO_PREDICATE,4,airun_muopzh89_x73apf52,False,,,,,-0.980135912180824,0,,,LOW_VOLATILITY,,0.5259547221587055,,Known actual full-cycle commissions divided by entry notional; funding/slippage unknown; adds mismatch prevents causal good-entry label,UNKNOWN_INCOMPLETE_EARLY_PATH,UNKNOWN_WITHOUT_COMPLETE_EXECUTABLE_COST_PATH
trade_cycle_entry_intent_muoohnib_bofwch4z,ETHUSDT,USDT,SHORT,1790807560604,1790966368754,44.113375,UNKNOWN,PARTIAL,False,False,False,0.19328,0.01713963,,0.17614037000000002,,2677.4,15,1,NO_PREDICATE,2,airun_muoog0um_zvm4wbpr,False,,,,,-0.03720861007083798,0,,,LOW_VOLATILITY,,0.3780380717081611,,Known actual full-cycle commissions divided by entry notional; funding/slippage unknown; adds mismatch prevents causal good-entry label,UNKNOWN_INCOMPLETE_EARLY_PATH,UNKNOWN_WITHOUT_COMPLETE_EXECUTABLE_COST_PATH
trade_cycle_entry_intent_muooawik_gc4l3o5u,TAOUSDT,USDT,SHORT,1790807104417,1790860606095,14.861577222222222,UNKNOWN,PARTIAL,False,False,False,0.04624,0.00408883,,0.04215117,,298.5,15,1,NO_PREDICATE,2,airun_muoo9a51_4aawjwvv,False,,,,,-1.9952114924159936,0,,,LOW_VOLATILITY,,0.7580291242768711,,Known actual full-cycle commissions divided by entry notional; funding/slippage unknown; adds mismatch prevents causal good-entry label,UNKNOWN_INCOMPLETE_EARLY_PATH,UNKNOWN_WITHOUT_COMPLETE_EXECUTABLE_COST_PATH
trade_cycle_entry_intent_munukkdi_zo3beoau,VIRTUALUSDT,USDT,SHORT,1790757534430,1790873809535,32.29864027777778,UNKNOWN,PARTIAL,False,False,False,0.1184,0.00400719,,0.11439281000000001,,0.772,60,1,NO_PREDICATE,2,airun_munuivbb_xxff2mz7,False,,,,,7.702182284980985,0,,,LOW_VOLATILITY,,0.8221993833504575,,Known actual full-cycle commissions divided by entry notional; funding/slippage unknown; adds mismatch prevents causal good-entry label,UNKNOWN_INCOMPLETE_EARLY_PATH,UNKNOWN_WITHOUT_COMPLETE_EXECUTABLE_COST_PATH
trade_cycle_entry_intent_munqu8mj_4tagnzbr,TIAUSDC,USDC,SHORT,1790751136463,1790859881090,30.206840833333334,UNKNOWN,PARTIAL,False,False,False,0.066,0,,0.066,,0.428,60,1,CLOSED_BAR_BREAKS_LEVEL,2,airun_munqsnk7_b7zvo2nb,False,,,,,9.19540229885163,0,,,LOW_VOLATILITY,,1.518637827887699,,Known actual full-cycle commissions divided by entry notional; funding/slippage unknown; adds mismatch prevents causal good-entry label,UNKNOWN_INCOMPLETE_EARLY_PATH,UNKNOWN_WITHOUT_COMPLETE_EXECUTABLE_COST_PATH
trade_cycle_entry_intent_munqjtjm_lga8objp,DOGEUSDC,USDC,SHORT,1790750560651,1790904048951,42.63563888888889,UNKNOWN,PARTIAL,False,False,False,0.13718,0.01086666,,0.12631334,,0.0925,15,1,NO_PREDICATE,6,airun_munqi89b_kk5n09p2,False,,,,,1.0742292405208076,0,,,LOW_VOLATILITY,,0.6231198968629106,,Known actual full-cycle commissions divided by entry notional; funding/slippage unknown; adds mismatch prevents causal good-entry label,UNKNOWN_INCOMPLETE_EARLY_PATH,UNKNOWN_WITHOUT_COMPLETE_EXECUTABLE_COST_PATH
trade_cycle_entry_intent_munjlnrz_wdbq6rwz,ENAUSDT,USDT,SHORT,1790738776961,1790882942736,40.04604861111111,UNKNOWN,PARTIAL,False,False,False,0.13649999,0.00618366,,0.13031632999999998,,0.242,60,1,NO_PREDICATE,3,airun_munjk2do_1bdch0qe,False,,,,,-8.136696501221952,0,,,LOW_VOLATILITY,,1.6260162601626142,,Known actual full-cycle commissions divided by entry notional; funding/slippage unknown; adds mismatch prevents causal good-entry label,UNKNOWN_INCOMPLETE_EARLY_PATH,UNKNOWN_WITHOUT_COMPLETE_EXECUTABLE_COST_PATH
trade_cycle_entry_intent_mugkidet_8lh0blpk,DASHUSDT,USDT,SHORT,1790316997556,1790966323590,180.36834277777777,UNKNOWN,PARTIAL,False,False,False,1.01497,0.006343969999999999,,1.00862603,,62.46,60,1,NO_PREDICATE,3,airun_mugkh4na_wkeq1zwb,False,,,,,3.1796502384728864,0,,,,,0.6679389312977126,,Known actual full-cycle commissions divided by entry notional; funding/slippage unknown; adds mismatch prevents causal good-entry label,UNKNOWN_INCOMPLETE_EARLY_PATH,UNKNOWN_WITHOUT_COMPLETE_EXECUTABLE_COST_PATH
trade_cycle_entry_intent_mubpoawr_aiicz3a2,BTCUSDT,USDT,LONG,1790023346125,1791151704260,313.43281527777776,UNKNOWN,PARTIAL,False,False,False,,,,,,,,,,10,airun_mubpn39k_w121nhql,False,,,,,-1.116229400101032,0,,,,,,,Known actual full-cycle commissions divided by entry notional; funding/slippage unknown; adds mismatch prevents causal good-entry label,UNKNOWN_INCOMPLETE_EARLY_PATH,UNKNOWN_WITHOUT_COMPLETE_EXECUTABLE_COST_PATH
