symbol,side,physicalCycleId,orderIndex,exchangeOrderId,localOrderId,intentId,runId,firstFillAt,lastFillAt,fillCount,quantity,entryPrice,entryCostNative,nativeCommission,commissionAssets,originalAuthorizedQuantity,intentLeverage,planId,recordedHumanHandoffAt,filledAfterRecordedHumanHandoff,primaryArchiveComplete,noAddRetainedActualQty
AVAXUSDT,SHORT,cycle_entry_intent_mu8l1mm0_rcobpxad,0,532553883,entry_intent_mu8l1mm0_rcobpxad,intent_mu8l1mm0_rcobpxad,airun_mu8l0eu9_cwq1x4s0,1789834245678,1789834249640,6,400.0,9.482999999999999,3793.2,0.7586400000000001,USDT,400,8,,1789838165290,False,False,400.0
AVAXUSDT,SHORT,cycle_entry_intent_mu8l1mm0_rcobpxad,1,536298865,entry_intent_mul5j2sb_6sj02qqt,intent_mul5j2sb_6sj02qqt,airun_mul5ht3w_0ov0b4oc,1790594170874,1790594181833,17,100.0,10.540999999999999,1054.1,0.21082,USDT,100,12,plan_65f703a16f4fb2f6bf815fbebbac3fba,1789838165290,True,False,0
AVAXUSDT,SHORT,cycle_entry_intent_mu8l1mm0_rcobpxad,2,536861793,entry_intent_mumyax4w_9pj3v4py,intent_mumyax4w_9pj3v4py,airun_mumy9crs_akqaubj0,1790702995400,1790703010524,19,100.0,11.1,1110.0,0.222,USDT,100,12,plan_8fc1dcb1e30825f6d9b6b8f2ad8e27d0,1789838165290,True,False,0
AVAXUSDT,SHORT,cycle_entry_intent_mu8l1mm0_rcobpxad,3,536881041,entry_intent_mun0mzfv_7cppnra4,intent_mun0mzfv_7cppnra4,airun_mun0lf2o_fvit3nhg,1790707032121,1790707032121,1,1.0,11.225,11.225,0.002245,USDT,1,12,plan_e876f052d78e84e76b713912120b7037,1789838165290,True,False,0
AVAXUSDT,SHORT,cycle_entry_intent_mu8l1mm0_rcobpxad,4,536986572,entry_intent_mundhw8z_986hdeck,intent_mundhw8z_986hdeck,airun_mundgdbi_j5s1pvhp,1790728506677,1790728506677,1,1.0,11.424,11.424,0.0022848,USDT,1,8,plan_b63e292d00ba5591f76dd40b54239c4f,1789838165290,True,False,0
AVAXUSDT,SHORT,cycle_entry_intent_mu8l1mm0_rcobpxad,5,537029626,entry_intent_munjast7_ewumnuhx,intent_munjast7_ewumnuhx,airun_munj968z_m9xb2po8,1790738239212,1790738239212,1,1.0,11.347,11.347,0.0022694,USDT,1,12,plan_306899f3cae17b9e959cafc324d6a1b0,1789838165290,True,False,0
AVAXUSDT,SHORT,cycle_entry_intent_mu8l1mm0_rcobpxad,6,537107799,entry_intent_munsskv7_suz74ewh,intent_munsskv7_suz74ewh,airun_munsqye6_ccghp8ca,1790754205628,1790754205628,1,1.0,11.123,11.123,0.0022246,USDT,1,12,plan_b0b91c37f287e12bb80047d07c61e9ed,1789838165290,True,False,0
AVAXUSDT,SHORT,cycle_entry_intent_mu8l1mm0_rcobpxad,7,537136263,entry_intent_munwg6y8_ihuwyyr9,intent_munwg6y8_ihuwyyr9,airun_munweivb_0xtlj1p8,1790760322205,1790760322205,1,1.0,11.176,11.176,0.0022352,USDT,1,12,plan_d41ff9f10213461238b8ab78ecba3b2b,1789838165290,True,False,0
AVAXUSDT,SHORT,cycle_entry_intent_mu8l1mm0_rcobpxad,8,537144598,entry_intent_munxihcs_ljg1q1at,intent_munxihcs_ljg1q1at,airun_munxgqvo_zldse2am,1790762114260,1790762114260,1,1.0,11.171,11.171,0.0022342,USDT,1,12,plan_a395a64497f52f05e5751c9f242bff81,1789838165290,True,False,0
AVAXUSDT,SHORT,cycle_entry_intent_mu8l1mm0_rcobpxad,9,537167992,entry_intent_muo1787l_9xry8tqq,intent_muo1787l_9xry8tqq,airun_muo15klc_dswxyrbk,1790768321473,1790768321473,1,1.0,11.142,11.142,0.0022284,USDT,1,12,plan_cfb44b24ed91616be75813436beab804,1789838165290,True,False,0
AVAXUSDT,SHORT,cycle_entry_intent_mu8l1mm0_rcobpxad,10,539226832,entry_intent_muuvxqur_avk6j906,intent_muuvxqur_avk6j906,airun_muuvvh5j_9c09p9fo,1791182766652,1791182769960,7,92.0,10.933,1005.836,0.2011672,USDT,92,10,plan_b70bb34c01647bdf434124c0f2916c2f,1789838165290,True,False,0
AVAXUSDT,SHORT,cycle_entry_intent_mu8l1mm0_rcobpxad,11,539232553,entry_intent_muuwjq9f_mhg288ai,intent_muuwjq9f_mhg288ai,airun_muuwhjna_pyzn8ynz,1791183766249,1791183775692,16,92.0,10.991,1011.172,0.2022344,USDT,92,10,plan_1ae5b7624b44fa04edfee46bf2a3d048,1789838165290,True,False,0
AVAXUSDT,SHORT,cycle_entry_intent_mu8l1mm0_rcobpxad,12,539344860,entry_intent_muv97yob_vhodxqu5,intent_muv97yob_vhodxqu5,airun_muv95u47_tvx6i4kc,1791205054149,1791205055745,4,92.0,10.911,1003.812,0.2007624,USDT,92,10,plan_eab59fa7f1ec28d108b70cc522030396,1789838165290,True,False,0
AVAXUSDT,SHORT,cycle_entry_intent_mu8l1mm0_rcobpxad,13,539361642,entry_intent_muvbe0tt_vmqzqlq8,intent_muvbe0tt_vmqzqlq8,airun_muvbbsct_gzrzhjjn,1791208698839,1791208709073,16,92.0,10.986,1010.712,0.20214231,USDT,92,10,plan_f533dd9fa19cf67e3d34505ad0ab7245,1789838165290,True,False,0
AVAXUSDT,SHORT,cycle_entry_intent_mu8l1mm0_rcobpxad,14,540046738,entry_intent_muxkiod1_gl3tolvx,intent_muxkiod1_gl3tolvx,airun_muxkgil3_6sb5yegi,1791344953479,1791344964439,16,91.0,11.028,1003.548,0.20070954,USDT,91,10,plan_beb4f5beba9d357ac6a83200e2a13079,1789838165290,True,False,0
AVAXUSDT,SHORT,cycle_entry_intent_mu8l1mm0_rcobpxad,15,540137218,entry_intent_muxwxdzr_qqnozaxx,intent_muxwxdzr_qqnozaxx,airun_muxwvaqt_gwpq4gml,1791365806887,1791365816907,17,83.0,11.09,920.47,0.184094,USDT,91,10,plan_027cf156812255f17e401bae19041d6c,1789838165290,True,False,0
AVAXUSDT,SHORT,cycle_entry_intent_mu8l1mm0_rcobpxad,16,540158510,entry_intent_muxzhjey_o5jyvrs7,intent_muxzhjey_o5jyvrs7,airun_muxzfdgb_dbceb8lp,1791370116319,1791370118719,7,91.0,11.022,1003.002,0.2006004,USDT,91,10,plan_bae302d7cb631d3c0373a312941babea,1789838165290,True,False,0
AVAXUSDT,SHORT,cycle_entry_intent_mu8l1mm0_rcobpxad,17,540405239,entry_intent_muz0w41l_ecoym5wd,intent_muz0w41l_ecoym5wd,airun_muz0u0b6_7emfs557,1791432914347,1791432928295,4,23.0,10.991,252.793,0.0505586,USDT,92,10,plan_256e5e968341f8b27b7dc28c0b724a3b,1789838165290,True,False,0
ETHUSDT,LONG,cycle_entry_intent_muuwcjbl_nhtak25t,0,16814991357,entry_intent_muuwcjbl_nhtak25t,intent_muuwcjbl_nhtak25t,airun_muuwa9zs_ffz8wgxw,1791183438139,1791183499290,9,0.211,2719.22,573.75542,0.11475106,USDT,0.589,16,plan_fc7a36fe131f690f85647b30993fbb30,1791194451462,False,False,0.211
ETHUSDT,LONG,cycle_entry_intent_muuwcjbl_nhtak25t,1,16815898056,entry_intent_muwls5hm_2s5p3phb,intent_muwls5hm_2s5p3phb,airun_muwlpyva_wj6bix5t,1791286607518,1791286619607,21,0.369,2714.9700000000003,1001.82393,0.20036473000000002,USDT,0.369,10,plan_7415926198fa0bf20ec63fa5ec3158f9,1791194451462,True,False,0
ETHUSDT,LONG,cycle_entry_intent_muuwcjbl_nhtak25t,2,16815994429,entry_intent_muws3q5o_k8xs52pb,intent_muws3q5o_k8xs52pb,airun_muws1dbh_79ac639p,1791297256309,1791297256309,1,0.518,2706.2,1401.8116,0.28036232,USDT,0.518,14,plan_d8f26d036b1ad30f54cf5ea8ac2d7d8a,1791194451462,True,False,0
ETHUSDT,LONG,cycle_entry_intent_muuwcjbl_nhtak25t,3,16816037837,entry_intent_muwum4i0_u62c7zbc,intent_muwum4i0_u62c7zbc,airun_muwujwz3_akoyab6l,1791301463896,1791301463896,1,0.369,2713.36,1001.22984,0.20024596,USDT,0.369,10,plan_f2feae9773329e944b20549c68bd3122,1791194451462,True,False,0
