cycleId,symbol,lotAt,knownLotCumulativeQty,knownLotCumulativeEntryCostQuote,cycleOnlyNotPortfolio,portfolioExposureAsOf,availableMarginAsOf,pendingReservationsAsOf
cycle_entry_intent_mu8l1mm0_rcobpxad,AVAXUSDT,1789834245678,400,3793.2000000000003,True,UNKNOWN,UNKNOWN,UNKNOWN
cycle_entry_intent_mu8l1mm0_rcobpxad,AVAXUSDT,1790702995400,500,4903.2,True,UNKNOWN,UNKNOWN,UNKNOWN
cycle_entry_intent_mu8l1mm0_rcobpxad,AVAXUSDT,1790707032121,501,4914.425,True,UNKNOWN,UNKNOWN,UNKNOWN
cycle_entry_intent_mu8l1mm0_rcobpxad,AVAXUSDT,1790728506677,502,4925.849,True,UNKNOWN,UNKNOWN,UNKNOWN
cycle_entry_intent_mu8l1mm0_rcobpxad,AVAXUSDT,1790738239212,503,4937.196,True,UNKNOWN,UNKNOWN,UNKNOWN
cycle_entry_intent_mu8l1mm0_rcobpxad,AVAXUSDT,1790754205628,504,4948.3189999999995,True,UNKNOWN,UNKNOWN,UNKNOWN
cycle_entry_intent_mu8l1mm0_rcobpxad,AVAXUSDT,1790760322205,505,4959.495,True,UNKNOWN,UNKNOWN,UNKNOWN
cycle_entry_intent_mu8l1mm0_rcobpxad,AVAXUSDT,1790762114260,506,4970.666,True,UNKNOWN,UNKNOWN,UNKNOWN
cycle_entry_intent_mu8l1mm0_rcobpxad,AVAXUSDT,1790768321473,507,4981.808,True,UNKNOWN,UNKNOWN,UNKNOWN
cycle_entry_intent_mu8l1mm0_rcobpxad,AVAXUSDT,1791182766652,599,5987.644,True,UNKNOWN,UNKNOWN,UNKNOWN
cycle_entry_intent_mu8l1mm0_rcobpxad,AVAXUSDT,1791183766249,691,6998.816000000001,True,UNKNOWN,UNKNOWN,UNKNOWN
cycle_entry_intent_mu8l1mm0_rcobpxad,AVAXUSDT,1791205054149,783,8002.628000000001,True,UNKNOWN,UNKNOWN,UNKNOWN
cycle_entry_intent_mu8l1mm0_rcobpxad,AVAXUSDT,1791208709073,786,8035.586,True,UNKNOWN,UNKNOWN,UNKNOWN
cycle_entry_intent_mu8l1mm0_rcobpxad,AVAXUSDT,1791344953479,877,9039.134,True,UNKNOWN,UNKNOWN,UNKNOWN
cycle_entry_intent_mu8l1mm0_rcobpxad,AVAXUSDT,1791365806887,960,9959.604,True,UNKNOWN,UNKNOWN,UNKNOWN
cycle_entry_intent_mu8l1mm0_rcobpxad,AVAXUSDT,1791370116319,1051,10962.606,True,UNKNOWN,UNKNOWN,UNKNOWN
cycle_entry_intent_mu8l1mm0_rcobpxad,AVAXUSDT,1791432914347,1074,11215.399,True,UNKNOWN,UNKNOWN,UNKNOWN
cycle_entry_intent_muuwcjbl_nhtak25t,ETHUSDT,1791183438139,0.211,573.75542,True,UNKNOWN,UNKNOWN,UNKNOWN
cycle_entry_intent_muuwcjbl_nhtak25t,ETHUSDT,1791286607518,0.58,1575.5793499999995,True,UNKNOWN,UNKNOWN,UNKNOWN
cycle_entry_intent_muuwcjbl_nhtak25t,ETHUSDT,1791297256309,1.0979999999999999,2977.3909499999995,True,UNKNOWN,UNKNOWN,UNKNOWN
cycle_entry_intent_muuwcjbl_nhtak25t,ETHUSDT,1791301463896,1.4669999999999999,3978.6207899999995,True,UNKNOWN,UNKNOWN,UNKNOWN
