symbol,side,cycleId,lotIndex,lotId,intentId,exchangeOrderId,filledAt,quantity,price,runId,runCompletedAt,lineageStatus,ownerAtLot,noAddRetainedQuantity
AVAXUSDT,SHORT,cycle_entry_intent_mu8l1mm0_rcobpxad,0,entry_intent_mu8l1mm0_rcobpxad,intent_mu8l1mm0_rcobpxad,532553883,1789834245678,400,9.483,airun_mu8l0eu9_cwq1x4s0,,UNCERTAIN,UNKNOWN_BEFORE_HANDOFF,400
AVAXUSDT,SHORT,cycle_entry_intent_mu8l1mm0_rcobpxad,1,entry_intent_mumyax4w_9pj3v4py,intent_mumyax4w_9pj3v4py,536861793,1790702995400,100,11.099999999999998,airun_mumy9crs_akqaubj0,,UNCERTAIN,HUMAN_MANAGED_AFTER_RECORDED_HANDOFF,0
AVAXUSDT,SHORT,cycle_entry_intent_mu8l1mm0_rcobpxad,2,entry_intent_mun0mzfv_7cppnra4,intent_mun0mzfv_7cppnra4,536881041,1790707032121,1,11.225,airun_mun0lf2o_fvit3nhg,,UNCERTAIN,HUMAN_MANAGED_AFTER_RECORDED_HANDOFF,0
AVAXUSDT,SHORT,cycle_entry_intent_mu8l1mm0_rcobpxad,3,entry_intent_mundhw8z_986hdeck,intent_mundhw8z_986hdeck,536986572,1790728506677,1,11.424,airun_mundgdbi_j5s1pvhp,,UNCERTAIN,HUMAN_MANAGED_AFTER_RECORDED_HANDOFF,0
AVAXUSDT,SHORT,cycle_entry_intent_mu8l1mm0_rcobpxad,4,entry_intent_munjast7_ewumnuhx,intent_munjast7_ewumnuhx,537029626,1790738239212,1,11.347,airun_munj968z_m9xb2po8,,UNCERTAIN,HUMAN_MANAGED_AFTER_RECORDED_HANDOFF,0
AVAXUSDT,SHORT,cycle_entry_intent_mu8l1mm0_rcobpxad,5,entry_intent_munsskv7_suz74ewh,intent_munsskv7_suz74ewh,537107799,1790754205628,1,11.123,airun_munsqye6_ccghp8ca,,UNCERTAIN,HUMAN_MANAGED_AFTER_RECORDED_HANDOFF,0
AVAXUSDT,SHORT,cycle_entry_intent_mu8l1mm0_rcobpxad,6,entry_intent_munwg6y8_ihuwyyr9,intent_munwg6y8_ihuwyyr9,537136263,1790760322205,1,11.176,airun_munweivb_0xtlj1p8,,UNCERTAIN,HUMAN_MANAGED_AFTER_RECORDED_HANDOFF,0
AVAXUSDT,SHORT,cycle_entry_intent_mu8l1mm0_rcobpxad,7,entry_intent_munxihcs_ljg1q1at,intent_munxihcs_ljg1q1at,537144598,1790762114260,1,11.171,airun_munxgqvo_zldse2am,,UNCERTAIN,HUMAN_MANAGED_AFTER_RECORDED_HANDOFF,0
AVAXUSDT,SHORT,cycle_entry_intent_mu8l1mm0_rcobpxad,8,entry_intent_muo1787l_9xry8tqq,intent_muo1787l_9xry8tqq,537167992,1790768321473,1,11.142,airun_muo15klc_dswxyrbk,,UNCERTAIN,HUMAN_MANAGED_AFTER_RECORDED_HANDOFF,0
AVAXUSDT,SHORT,cycle_entry_intent_mu8l1mm0_rcobpxad,9,entry_intent_muuvxqur_avk6j906,intent_muuvxqur_avk6j906,539226832,1791182766652,92,10.932999999999998,airun_muuvvh5j_9c09p9fo,,UNCERTAIN,HUMAN_MANAGED_AFTER_RECORDED_HANDOFF,0
AVAXUSDT,SHORT,cycle_entry_intent_mu8l1mm0_rcobpxad,10,entry_intent_muuwjq9f_mhg288ai,intent_muuwjq9f_mhg288ai,539232553,1791183766249,92,10.991,airun_muuwhjna_pyzn8ynz,,UNCERTAIN,HUMAN_MANAGED_AFTER_RECORDED_HANDOFF,0
AVAXUSDT,SHORT,cycle_entry_intent_mu8l1mm0_rcobpxad,11,entry_intent_muv97yob_vhodxqu5,intent_muv97yob_vhodxqu5,539344860,1791205054149,92,10.911,airun_muv95u47_tvx6i4kc,,UNCERTAIN,HUMAN_MANAGED_AFTER_RECORDED_HANDOFF,0
AVAXUSDT,SHORT,cycle_entry_intent_mu8l1mm0_rcobpxad,12,entry_intent_muvbe0tt_vmqzqlq8,intent_muvbe0tt_vmqzqlq8,539361642,1791208709073,3,10.985999999999999,airun_muvbbsct_gzrzhjjn,,UNCERTAIN,HUMAN_MANAGED_AFTER_RECORDED_HANDOFF,0
AVAXUSDT,SHORT,cycle_entry_intent_mu8l1mm0_rcobpxad,13,entry_intent_muxkiod1_gl3tolvx,intent_muxkiod1_gl3tolvx,540046738,1791344953479,91,11.028,airun_muxkgil3_6sb5yegi,,UNCERTAIN,HUMAN_MANAGED_AFTER_RECORDED_HANDOFF,0
AVAXUSDT,SHORT,cycle_entry_intent_mu8l1mm0_rcobpxad,14,entry_intent_muxwxdzr_qqnozaxx,intent_muxwxdzr_qqnozaxx,540137218,1791365806887,83,11.09,airun_muxwvaqt_gwpq4gml,,UNCERTAIN,HUMAN_MANAGED_AFTER_RECORDED_HANDOFF,0
AVAXUSDT,SHORT,cycle_entry_intent_mu8l1mm0_rcobpxad,15,entry_intent_muxzhjey_o5jyvrs7,intent_muxzhjey_o5jyvrs7,540158510,1791370116319,91,11.022,airun_muxzfdgb_dbceb8lp,,UNCERTAIN,HUMAN_MANAGED_AFTER_RECORDED_HANDOFF,0
AVAXUSDT,SHORT,cycle_entry_intent_mu8l1mm0_rcobpxad,16,entry_intent_muz0w41l_ecoym5wd,intent_muz0w41l_ecoym5wd,540405239,1791432914347,23,10.991,airun_muz0u0b6_7emfs557,1791432893001,EXACT,HUMAN_MANAGED_AFTER_RECORDED_HANDOFF,0
ETHUSDT,LONG,cycle_entry_intent_muuwcjbl_nhtak25t,0,entry_intent_muuwcjbl_nhtak25t,intent_muuwcjbl_nhtak25t,16814991357,1791183438139,0.211,2719.22,airun_muuwa9zs_ffz8wgxw,,UNCERTAIN,UNKNOWN_BEFORE_HANDOFF,0.211
ETHUSDT,LONG,cycle_entry_intent_muuwcjbl_nhtak25t,1,entry_intent_muwls5hm_2s5p3phb,intent_muwls5hm_2s5p3phb,16815898056,1791286607518,0.369,2714.969999999999,airun_muwlpyva_wj6bix5t,,UNCERTAIN,HUMAN_MANAGED_AFTER_RECORDED_HANDOFF,0
ETHUSDT,LONG,cycle_entry_intent_muuwcjbl_nhtak25t,2,entry_intent_muws3q5o_k8xs52pb,intent_muws3q5o_k8xs52pb,16815994429,1791297256309,0.518,2706.2,airun_muws1dbh_79ac639p,,UNCERTAIN,HUMAN_MANAGED_AFTER_RECORDED_HANDOFF,0
ETHUSDT,LONG,cycle_entry_intent_muuwcjbl_nhtak25t,3,entry_intent_muwum4i0_u62c7zbc,intent_muwum4i0_u62c7zbc,16816037837,1791301463896,0.369,2713.36,airun_muwujwz3_akoyab6l,,UNCERTAIN,HUMAN_MANAGED_AFTER_RECORDED_HANDOFF,0
