symbol,policy,formalStatus,formalOriginAuthorizedQuantity,formalNetPnl,formalMAE,ES_CVaR,fillAnchorScenarioOnly,illustrativeFraction,scaledActualOriginLotQuantity,staticMarkExFundingPnl,reason
AVAXUSDT,Uniform haircut,INSUFFICIENT_EVIDENCE,,,,,True,0.5,200.0,-216.56973199999996,PRIMARY decision cutoff/complete fill lineage and historical available funds missing; illustrative scaled fill is not simulated executable fill
AVAXUSDT,Linear location,INSUFFICIENT_EVIDENCE,,,,,True,0.5245649021029732,209.8259608411893,-227.20976053009426,PRIMARY decision cutoff/complete fill lineage and historical available funds missing; illustrative scaled fill is not simulated executable fill
AVAXUSDT,Nonlinear location,INSUFFICIENT_EVIDENCE,,,,,True,0.32188440306293364,128.75376122517346,-139.420837812639,PRIMARY decision cutoff/complete fill lineage and historical available funds missing; illustrative scaled fill is not simulated executable fill
AVAXUSDT,Volatility targeting,INSUFFICIENT_EVIDENCE,,,,,True,,,,PRIMARY decision cutoff/complete fill lineage and historical available funds missing; illustrative scaled fill is not simulated executable fill
AVAXUSDT,Stress-loss budget,INSUFFICIENT_EVIDENCE,,,,,True,,,,PRIMARY decision cutoff/complete fill lineage and historical available funds missing; illustrative scaled fill is not simulated executable fill
AVAXUSDT,Cycle cumulative budget,INSUFFICIENT_EVIDENCE,,,,,True,,,,PRIMARY decision cutoff/complete fill lineage and historical available funds missing; illustrative scaled fill is not simulated executable fill
AVAXUSDT,Portfolio directional/factor budget,INSUFFICIENT_EVIDENCE,,,,,True,,,,PRIMARY decision cutoff/complete fill lineage and historical available funds missing; illustrative scaled fill is not simulated executable fill
AVAXUSDT,Hybrid min of bounds,INSUFFICIENT_EVIDENCE,,,,,True,,,,PRIMARY decision cutoff/complete fill lineage and historical available funds missing; illustrative scaled fill is not simulated executable fill
ETHUSDT,Uniform haircut,INSUFFICIENT_EVIDENCE,,,,,True,0.5,0.1055,-19.96270999999998,PRIMARY decision cutoff/complete fill lineage and historical available funds missing; illustrative scaled fill is not simulated executable fill
ETHUSDT,Linear location,INSUFFICIENT_EVIDENCE,,,,,True,0.8022109477905093,0.16926650998379744,-32.02860901913412,PRIMARY decision cutoff/complete fill lineage and historical available funds missing; illustrative scaled fill is not simulated executable fill
ETHUSDT,Nonlinear location,INSUFFICIENT_EVIDENCE,,,,,True,0.882638472478214,0.18623671769290315,-35.2397117218511,PRIMARY decision cutoff/complete fill lineage and historical available funds missing; illustrative scaled fill is not simulated executable fill
ETHUSDT,Volatility targeting,INSUFFICIENT_EVIDENCE,,,,,True,,,,PRIMARY decision cutoff/complete fill lineage and historical available funds missing; illustrative scaled fill is not simulated executable fill
ETHUSDT,Stress-loss budget,INSUFFICIENT_EVIDENCE,,,,,True,,,,PRIMARY decision cutoff/complete fill lineage and historical available funds missing; illustrative scaled fill is not simulated executable fill
ETHUSDT,Cycle cumulative budget,INSUFFICIENT_EVIDENCE,,,,,True,,,,PRIMARY decision cutoff/complete fill lineage and historical available funds missing; illustrative scaled fill is not simulated executable fill
ETHUSDT,Portfolio directional/factor budget,INSUFFICIENT_EVIDENCE,,,,,True,,,,PRIMARY decision cutoff/complete fill lineage and historical available funds missing; illustrative scaled fill is not simulated executable fill
ETHUSDT,Hybrid min of bounds,INSUFFICIENT_EVIDENCE,,,,,True,,,,PRIMARY decision cutoff/complete fill lineage and historical available funds missing; illustrative scaled fill is not simulated executable fill
