role,exchangeOrderId,firstFillAt,lastFillAt,quantity,vwap,fillCount,localOrderId,intentId,firstFillAsiaShanghai,lastFillAsiaShanghai
ENTRY,532553883,1789834245678,1789834249640,400.0,9.482999999999999,6,entry_intent_mu8l1mm0_rcobpxad,intent_mu8l1mm0_rcobpxad,2026-09-20T00:10:45.678000+08:00,2026-09-20T00:10:49.640000+08:00
ENTRY,536298865,1790594170874,1790594181833,100.0,10.540999999999999,17,entry_intent_mul5j2sb_6sj02qqt,intent_mul5j2sb_6sj02qqt,2026-09-28T19:16:10.874000+08:00,2026-09-28T19:16:21.833000+08:00
ENTRY,536861793,1790702995400,1790703010524,100.0,11.1,19,entry_intent_mumyax4w_9pj3v4py,intent_mumyax4w_9pj3v4py,2026-09-30T01:29:55.400000+08:00,2026-09-30T01:30:10.524000+08:00
ENTRY,536881041,1790707032121,1790707032121,1.0,11.225,1,entry_intent_mun0mzfv_7cppnra4,intent_mun0mzfv_7cppnra4,2026-09-30T02:37:12.121000+08:00,2026-09-30T02:37:12.121000+08:00
ENTRY,536986572,1790728506677,1790728506677,1.0,11.424,1,entry_intent_mundhw8z_986hdeck,intent_mundhw8z_986hdeck,2026-09-30T08:35:06.677000+08:00,2026-09-30T08:35:06.677000+08:00
ENTRY,537029626,1790738239212,1790738239212,1.0,11.347,1,entry_intent_munjast7_ewumnuhx,intent_munjast7_ewumnuhx,2026-09-30T11:17:19.212000+08:00,2026-09-30T11:17:19.212000+08:00
ENTRY,537107799,1790754205628,1790754205628,1.0,11.123,1,entry_intent_munsskv7_suz74ewh,intent_munsskv7_suz74ewh,2026-09-30T15:43:25.628000+08:00,2026-09-30T15:43:25.628000+08:00
ENTRY,537136263,1790760322205,1790760322205,1.0,11.176,1,entry_intent_munwg6y8_ihuwyyr9,intent_munwg6y8_ihuwyyr9,2026-09-30T17:25:22.205000+08:00,2026-09-30T17:25:22.205000+08:00
ENTRY,537144598,1790762114260,1790762114260,1.0,11.171,1,entry_intent_munxihcs_ljg1q1at,intent_munxihcs_ljg1q1at,2026-09-30T17:55:14.260000+08:00,2026-09-30T17:55:14.260000+08:00
ENTRY,537167992,1790768321473,1790768321473,1.0,11.142,1,entry_intent_muo1787l_9xry8tqq,intent_muo1787l_9xry8tqq,2026-09-30T19:38:41.473000+08:00,2026-09-30T19:38:41.473000+08:00
ENTRY,539226832,1791182766652,1791182769960,92.0,10.933,7,entry_intent_muuvxqur_avk6j906,intent_muuvxqur_avk6j906,2026-10-05T14:46:06.652000+08:00,2026-10-05T14:46:09.960000+08:00
ENTRY,539232553,1791183766249,1791183775692,92.0,10.991,16,entry_intent_muuwjq9f_mhg288ai,intent_muuwjq9f_mhg288ai,2026-10-05T15:02:46.249000+08:00,2026-10-05T15:02:55.692000+08:00
ENTRY,539344860,1791205054149,1791205055745,92.0,10.911,4,entry_intent_muv97yob_vhodxqu5,intent_muv97yob_vhodxqu5,2026-10-05T20:57:34.149000+08:00,2026-10-05T20:57:35.745000+08:00
ENTRY,539361642,1791208698839,1791208709073,92.0,10.986,16,entry_intent_muvbe0tt_vmqzqlq8,intent_muvbe0tt_vmqzqlq8,2026-10-05T21:58:18.839000+08:00,2026-10-05T21:58:29.073000+08:00
ENTRY,540046738,1791344953479,1791344964439,91.0,11.028,16,entry_intent_muxkiod1_gl3tolvx,intent_muxkiod1_gl3tolvx,2026-10-07T11:49:13.479000+08:00,2026-10-07T11:49:24.439000+08:00
ENTRY,540137218,1791365806887,1791365816907,83.0,11.09,17,entry_intent_muxwxdzr_qqnozaxx,intent_muxwxdzr_qqnozaxx,2026-10-07T17:36:46.887000+08:00,2026-10-07T17:36:56.907000+08:00
ENTRY,540158510,1791370116319,1791370118719,91.0,11.022,7,entry_intent_muxzhjey_o5jyvrs7,intent_muxzhjey_o5jyvrs7,2026-10-07T18:48:36.319000+08:00,2026-10-07T18:48:38.719000+08:00
ENTRY,540405239,1791432914347,1791432928295,23.0,10.991,4,entry_intent_muz0w41l_ecoym5wd,intent_muz0w41l_ecoym5wd,2026-10-08T12:15:14.347000+08:00,2026-10-08T12:15:28.295000+08:00
EXIT,540405465,1791472362824,1791472362824,1263.0,10.441,1,tp_muz0y4ll_rlt4oyac,exchange-recovered,2026-10-08T23:12:42.824000+08:00,2026-10-08T23:12:42.824000+08:00
