symbol,side,referencePrice,stepSize,minQuantityUnits,minQuantity,minLegalNotional,capacityWithoutPortfolioAdmission,maxUnitsWithoutPortfolioAdmission,admissionCeiling,finalExecutable,primaryBlocker
1000BONKUSDC,LONG,0.003624,1,1380,1380,5.001120,3607.4492253029994,995433,0,False,HUMAN_ACK_OVERDUE
OPUSDT,LONG,0.1434,0.1,349,34.9,5.00466,3618.9158713329994,252365,0,False,HUMAN_ACK_OVERDUE
WLDUSDC,LONG,0.5258,0.1,96,9.6,5.04768,3600.6148478929995,68478,0,False,HUMAN_ACK_OVERDUE
JUPUSDT,LONG,0.3376,1,15,15,5.0640,3618.9158713329994,10719,0,False,HUMAN_ACK_OVERDUE
ZROUSDT,LONG,1.59,0.1,32,3.2,5.088,3618.9158713329994,22760,0,False,HUMAN_ACK_OVERDUE
ETHFIUSDC,LONG,0.7271,0.1,69,6.9,5.01699,3618.9158713329994,49771,0,False,HUMAN_ACK_OVERDUE
SOLUSDT,LONG,121.04,0.01,5,0.05,6.0520,3618.9158713329994,2989,0,False,HUMAN_ACK_OVERDUE
TAOUSDT,LONG,320.04,0.001,16,0.016,5.12064,3600.6148478929995,11250,0,False,HUMAN_ACK_OVERDUE
WIFUSDC,LONG,0.2428,0.1,206,20.6,5.00168,3618.9158713329994,149049,0,False,HUMAN_ACK_OVERDUE
POLUSDT,LONG,0.11998,1,42,42,5.03916,3618.9158713329994,30162,0,False,HUMAN_ACK_OVERDUE
USELESSUSDT,LONG,0.2868,1,18,18,5.1624,3618.9158713329994,12618,0,False,HUMAN_ACK_OVERDUE
VIRTUALUSDT,LONG,0.787,0.1,64,6.4,5.0368,3618.9158713329994,45983,0,False,HUMAN_ACK_OVERDUE
1000BONKUSDC,SHORT,0.003624,1,1380,1380,5.001120,3607.4492253029994,995433,0,False,HUMAN_ACK_OVERDUE
OPUSDT,SHORT,0.1434,0.1,349,34.9,5.00466,3618.9158713329994,252365,0,False,HUMAN_ACK_OVERDUE
WLDUSDC,SHORT,0.5258,0.1,96,9.6,5.04768,3600.6148478929995,68478,0,False,HUMAN_ACK_OVERDUE
JUPUSDT,SHORT,0.3376,1,15,15,5.0640,3618.9158713329994,10719,0,False,HUMAN_ACK_OVERDUE
ZROUSDT,SHORT,1.59,0.1,32,3.2,5.088,3618.9158713329994,22760,0,False,HUMAN_ACK_OVERDUE
ETHFIUSDC,SHORT,0.7271,0.1,69,6.9,5.01699,3618.9158713329994,49771,0,False,HUMAN_ACK_OVERDUE
SOLUSDT,SHORT,121.04,0.01,5,0.05,6.0520,3618.9158713329994,2989,0,False,HUMAN_ACK_OVERDUE
TAOUSDT,SHORT,320.04,0.001,16,0.016,5.12064,3600.6148478929995,11250,0,False,HUMAN_ACK_OVERDUE
WIFUSDC,SHORT,0.2428,0.1,206,20.6,5.00168,3618.9158713329994,149049,0,False,HUMAN_ACK_OVERDUE
POLUSDT,SHORT,0.11998,1,42,42,5.03916,3618.9158713329994,30162,0,False,HUMAN_ACK_OVERDUE
USELESSUSDT,SHORT,0.2868,1,18,18,5.1624,3618.9158713329994,12618,0,False,HUMAN_ACK_OVERDUE
VIRTUALUSDT,SHORT,0.787,0.1,64,6.4,5.0368,3618.9158713329994,45983,0,False,HUMAN_ACK_OVERDUE
