since_beijing,until_beijing,supply_pool_min,supply_pool_max,capital_min,capital_max,heartbeats,dispatch,scout,primary,completed,failed,intents,orders,historical_full_eligibility
2026-10-09 17:12:40.905,2026-10-09 17:17:40.905,16,20,16,32,10,0,0,0,0,0,0,0,UNKNOWN_UNRECORDED
2026-10-09 17:17:40.905,2026-10-09 17:22:40.905,16,20,16,27,9,0,0,0,0,0,0,0,UNKNOWN_UNRECORDED
2026-10-09 17:22:40.905,2026-10-09 17:27:40.905,18,20,18,30,10,0,0,0,0,0,0,0,UNKNOWN_UNRECORDED
2026-10-09 17:27:40.905,2026-10-09 17:32:40.905,20,20,22,29,10,0,0,0,0,0,0,0,UNKNOWN_UNRECORDED
2026-10-09 17:32:40.905,2026-10-09 17:37:40.905,20,20,22,28,9,0,0,0,0,0,0,0,UNKNOWN_UNRECORDED
2026-10-09 17:37:40.905,2026-10-09 17:42:40.905,20,20,20,29,10,0,0,0,0,0,0,0,UNKNOWN_UNRECORDED
2026-10-09 17:42:40.905,2026-10-09 17:47:40.905,20,20,23,30,10,0,0,0,0,0,0,0,UNKNOWN_UNRECORDED
2026-10-09 17:47:40.905,2026-10-09 17:52:40.905,20,20,22,30,9,0,0,0,0,0,0,0,UNKNOWN_UNRECORDED
2026-10-09 17:52:40.905,2026-10-09 17:57:40.905,20,20,25,32,10,0,0,0,0,0,0,0,UNKNOWN_UNRECORDED
2026-10-09 17:57:40.905,2026-10-09 18:02:40.905,20,20,22,31,10,0,0,0,0,0,0,0,UNKNOWN_UNRECORDED
2026-10-09 18:02:40.905,2026-10-09 18:07:40.905,20,20,21,30,9,0,0,0,0,0,0,0,UNKNOWN_UNRECORDED
2026-10-09 18:07:40.905,2026-10-09 18:12:40.905,20,20,23,29,10,0,0,0,0,0,0,0,UNKNOWN_UNRECORDED
2026-10-09 18:12:40.905,2026-10-09 18:17:40.905,20,20,24,30,10,0,0,0,0,0,0,0,UNKNOWN_UNRECORDED
2026-10-09 18:17:40.905,2026-10-09 18:22:40.905,20,20,23,29,9,0,0,0,0,0,0,0,UNKNOWN_UNRECORDED
2026-10-09 18:22:40.905,2026-10-09 18:27:40.905,20,20,22,31,10,0,0,0,0,0,0,0,UNKNOWN_UNRECORDED
2026-10-09 18:27:40.905,2026-10-09 18:32:40.905,17,20,17,30,10,1,1,1,0,1,0,0,UNKNOWN_UNRECORDED
2026-10-09 18:32:40.905,2026-10-09 18:37:40.905,18,20,17,29,9,0,0,0,0,0,0,0,UNKNOWN_UNRECORDED
2026-10-09 18:37:40.905,2026-10-09 18:42:40.905,20,20,26,33,10,0,0,0,0,0,0,0,UNKNOWN_UNRECORDED
